Sector: Finance,
Date: 13-Aug-2024,
Note:- Statement: 1 = Standalone and 2 = Consolidated,
Generated by and for: sangram.dash.mobile@gmail.com,

Stock Name,Symbol,Industry,Market Cap(Rs. Cr.),TTM Statement,TTM Ending (Results),Profit After Tax(Rs. Cr.),TTM Ending (Valuation),Price Earning Ratio(TTM),"PEG Ratio ",Price To Book Value(TTM),Statement,Year Ending,Debt Equity Ratio,Return On Equity(%),Return On Capital Employed(%),Symbol with Comma for External Upload
Life Insurance Corporation of India,LICI,Insurance,650684.14,2,2024-06,37372.28,2024-06,15.56,0.21,7.05,2,2024-03,0,63.13,63.34,"LICI,"
Bajaj Finance Ltd.,BAJFINANCE,Finance - NBFC,401024.21,2,2024-06,14918.93,2024-06,26.87,0.92,5.04,2,2024-03,3.88,22.32,11.92,"BAJFINANCE,"
Bajaj Finserv Ltd.,BAJAJFINSV,Finance - Investment,246580.51,2,2024-06,16087.52,2024-06,29.56,1.45,3.86,2,2024-03,4.82,29.52,13.2,"BAJAJFINSV,"
Indian Railway Finance Corporation Ltd.,IRFC,Finance Term Lending,236932.01,1,2024-06,6448.25,2024-06,36.74,1.58,4.67,1,2024-03,8.38,13.66,5.73,"IRFC,"
JIO Financial Services Ltd.,JIOFIN,Finance - NBFC,205433.44,2,2024-06,1161.8,2024-06,129.59,1.63,1.47,2,2024-03,0,1.3,1.59,"JIOFIN,"
SBI Life Insurance Company Ltd.,SBILIFE,Insurance,168590.42,1,2024-06,2032.26,2024-06,82.96,11.25,10.83,1,2024-03,0,13.77,14.12,"SBILIFE,"
Power Finance Corporation Ltd.,PFC,Finance Term Lending,159246.41,2,2024-06,27661.28,2024-06,7.68,0.52,1.47,2,2024-03,8.33,28.56,10.39,"PFC,"
REC Ltd.,RECLTD,Finance Term Lending,149909.44,2,2024-06,14637.6,2024-06,10.24,0.52,2.07,2,2024-03,6.42,22.39,10.05,"RECLTD,"
HDFC Life Insurance Company Ltd.,HDFCLIFE,Insurance,147387.61,2,2024-06,1636.35,2024-06,90.07,21.16,9.6,2,2024-03,0.07,11.58,10.79,"HDFCLIFE,"
Cholamandalam Investment and Finance Company Ltd.,CHOLAFIN,Finance - NBFC,110503.38,2,2024-06,3643.98,2024-06,30.21,1.29,5.42,2,2024-03,6.91,20.23,10.41,"CHOLAFIN,"
Shriram Finance Ltd.,SHRIRAMFIN,Finance - NBFC,108756.19,2,2024-06,7660.56,2024-06,14.15,0.61,2.14,2,2024-03,4,16.03,11.31,"SHRIRAMFIN,"
ICICI Prudential Life Insurance Company Ltd.,ICICIPRULI,Insurance,104531.27,2,2024-06,868.81,2024-06,120.32,,9.3,2,2024-03,0.11,8.34,8.08,"ICICIPRULI,"
Bajaj Holdings & Investment Ltd.,BAJAJHLDNG,Finance - NBFC,101923.71,2,2024-06,1428.11,2024-06,13.66,0.72,1.88,2,2024-03,0,14.96,15.23,"BAJAJHLDNG,"
ICICI Lombard General Insurance Company Ltd.,ICICIGI,Insurance,96170.23,1,2024-06,2108.6,2024-06,45.61,3.56,7.81,1,2024-03,0,17.17,22.79,"ICICIGI,"
HDFC Asset Management Company Ltd.,HDFCAMC,Finance - Asset Management,88535.23,2,2024-06,2069.04,2024-06,42.79,,11.77,2,2024-03,0,30.09,37.69,"HDFCAMC,"
Muthoot Finance Ltd.,MUTHOOTFIN,Finance - NBFC,74419.36,2,2024-06,4618.54,2024-03,17.21,1.18,2.96,2,2023-03,2.58,18.15,12.13,"MUTHOOTFIN,"
General Insurance Corporation of India,GICRE,Insurance,68123.35,2,2024-06,6679.83,2024-06,9.58,0.56,1.57,2,2023-03,0,21.31,25.8,"GICRE,"
SBI Cards And Payment Services Ltd.,SBICARD,Finance - NBFC,65890.89,1,2024-06,2408.88,2024-06,27.35,1.2,5.2,1,2024-03,3.3,22.03,14.09,"SBICARD,"
Indian Renewable Energy Development Agency Ltd.,IREDA,Finance - NBFC,64681.06,1,2024-03,1252.23,2024-03,51.65,1.66,7.23,1,2024-03,5.8,17.28,9.29,"IREDA,"
Housing & Urban Development Corporation Ltd.,HUDCO,Finance - Housing,57664.73,2,2024-06,2228.79,2024-06,25.87,2.35,3.36,2,2023-03,4.07,11.38,8.81,"HUDCO,"
Aditya Birla Capital Ltd.,ABCAPITAL,Finance - NBFC,54050.44,2,2024-06,3230.93,2024-06,15.69,0.51,1.99,2,2024-03,4.13,14.76,10.12,"ABCAPITAL,"
Sundaram Finance Ltd.,SUNDARMFIN,Finance - NBFC,42802.21,2,2024-06,1516.8,2024-06,28.62,1.68,3.73,2,2024-03,4.73,13.55,9.27,"SUNDARMFIN,"
Nippon Life India Asset Management Ltd.,NAM-INDIA,Finance - Asset Management,40861.8,2,2024-06,1203.05,2024-06,33.94,1.9,9.72,2,2024-03,0,30.48,36.24,"NAM-INDIA,"
L&T Finance Ltd.,LTF,Finance - NBFC,40456.41,2,2024-06,2471.86,2024-06,16.35,19.72,1.68,2,2024-03,3.28,10.36,8.24,"LTF,"
The New India Assurance Company Ltd.,NIACL,Insurance,39387.2,2,2024-06,1058.26,2024-06,35.95,,1.78,2,2023-03,0,5.27,6.25,"NIACL,"
360 One Wam Ltd.,360ONE,Finance - Others,36834.09,2,2024-06,864.37,2024-06,42.61,2.58,10.32,2,2024-03,2.83,25.3,14.54,"360ONE,"
Max Financial Services Ltd.,MFSL,Finance - Others,36250.86,2,2024-03,392.58,2024-03,106.59,20.07,9.39,2,2024-03,0.13,10.65,12.06,"MFSL,"
Mahindra & Mahindra Financial Services Ltd.,M&MFIN,Finance - NBFC,35818.01,2,2024-06,2016.43,2024-06,17.29,15.33,1.76,2,2024-03,4.94,10.11,8.75,"M&MFIN,"
LIC Housing Finance Ltd.,LICHSGFIN,Finance - Housing,35267.29,2,2024-06,4744.65,2024-06,7.42,0.52,1.08,2,2024-03,8.02,16.23,8.8,"LICHSGFIN,"
BSE Ltd.,BSE,Finance - Others,35090.23,2,2024-06,513.2,2024-06,58.41,,9.9,2,2023-03,0,6.09,9.89,"BSE,"
Motilal Oswal Financial Services Ltd.,MOTILALOFS,Finance - Stock Broking,34795.7,2,2024-06,2803.06,2024-06,12.44,0.24,3.64,2,2024-03,1.59,33.07,20.75,"MOTILALOFS,"
Star Health and Allied Insurance Company Ltd.,STARHEALTH,Insurance,33885.6,1,2024-06,876.1,2024-06,38.68,1.31,5.09,1,2023-03,0.09,12.42,14.83,"STARHEALTH,"
Go Digit General Insurance Ltd.,GODIGIT,Insurance,31993.28,1,2024-03,181.68,2024-03,66.07,3.04,6.18,1,2024-03,0.14,7.51,7,"GODIGIT,"
Tata Investment Corporation Ltd.,TATAINVEST,Finance - NBFC,30272.43,2,2024-06,293.32,2024-06,81.99,3.48,1.01,2,2024-03,0,1.55,1.67,"TATAINVEST,"
Cholamandalam Financial Holdings Ltd.,CHOLAHLDNG,Finance - Investment,28273.65,2,2024-06,4202.35,2024-06,14.5,0.71,2.51,2,2024-03,13.26,43.42,11.6,"CHOLAHLDNG,"
Poonawalla Fincorp Ltd.,POONAWALLA,Finance - NBFC,27676.62,2,2024-06,1743.09,2024-06,15.83,0.68,3.3,2,2024-03,1.86,22.25,14.96,"POONAWALLA,"
Central Depository Services (India) Ltd.,CDSL,Depository Services,26420.21,2,2024-06,479.48,2024-06,55.07,1.84,16.54,2,2024-03,0,31.34,41.55,"CDSL,"
ICICI Securities Ltd.,ISEC,Finance - Stock Broking,25492.38,2,2024-06,1952.76,2024-06,13.05,0.87,5.73,2,2023-03,3.32,42.93,18.25,"ISEC,"
Authum Investment & Infrastructure Ltd.,AIIL,Finance - Investment,23857.29,2,2024-06,5174.92,2024-06,4.61,,2.09,2,2023-03,0.5,125.98,90.46,"AIIL,"
Multi Commodity Exchange Of India Ltd.,MCX,Finance - Stock Broking,22234.27,2,2024-06,174.28,2024-06,127.51,19.4,14.93,2,2023-03,0,7.42,9.51,"MCX,"
Piramal Enterprises Ltd.,PEL,Finance - NBFC,22225.34,2,2024-06,-2151.09,2024-06,0,,0.84,2,2024-03,2.02,-5.85,1.4,"PEL,"
Nuvama Wealth Management Ltd.,NUVAMA,Finance - Others,21837.59,2,2024-06,719.22,2024-06,30.19,,7.18,2,2024-03,2.39,25.01,16.59,"NUVAMA,"
PNB Housing Finance Ltd.,PNBHOUSING,Finance - Housing,20866.57,2,2024-06,1593.5,2024-06,13.09,2.71,1.36,2,2024-03,3.69,11.65,9.24,"PNBHOUSING,"
Five-Star Business Finance Ltd.,FIVESTAR,Finance - NBFC,20393.41,1,2024-06,903.78,2024-06,22.56,0.36,3.74,1,2023-03,0.99,15.17,14.44,"FIVESTAR,"
Computer Age Management Services Ltd.,CAMS,Depository Services,20299.8,2,2024-06,382.25,2024-06,52.66,2.47,20.98,2,2024-03,0,44.15,56.01,"CAMS,"
Aditya Birla Sun Life AMC Ltd.,ABSLAMC,Finance - Asset Management,20059.42,2,2024-06,831.52,2024-06,24.12,2.04,6.06,2,2024-03,0,28.31,35.67,"ABSLAMC,"
CreditAccess Grameen Ltd.,CREDITACC,Finance - NBFC,19186.94,2,2024-06,1495.12,2024-06,12.83,0.37,2.77,2,2024-03,3.34,24.87,14.76,"CREDITACC,"
Angel One Ltd.,ANGELONE,Finance - Stock Broking,18862.21,2,2024-06,1197.49,2024-06,15.75,0.23,3.97,2,2024-03,0.86,44.49,38.76,"ANGELONE,"
IFCI Ltd.,IFCI,Finance Term Lending,18820.47,2,2024-06,281.43,2024-06,136.68,,3.72,2,2023-03,1.79,-3.87,6.78,"IFCI,"
Manappuram Finance Ltd.,MANAPPURAM,Finance - NBFC,17546.59,2,2024-06,2255.97,2024-06,7.81,0.43,1.52,2,2024-03,2.91,20.75,13.98,"MANAPPURAM,"
KFin Technologies Ltd.,KFINTECH,Depository Services,17439.41,2,2024-06,272.64,2024-06,64.41,0.69,14.54,2,2024-03,0,24.77,31.37,"KFINTECH,"
Aadhar Housing Finance Ltd.,AADHARHFC,Finance - Housing,17207.46,2,2024-03,749.64,2024-03,22.95,0.61,2.27,2,2023-03,3.31,16,10.08,"AADHARHFC,"
IIFL Finance Ltd.,IIFL,Finance - Investment,17196.7,2,2024-06,1839.5,2024-06,10.58,0.78,1.4,2,2023-03,4.41,20.83,11.8,"IIFL,"
IDFC Ltd.,IDFC,Finance - NBFC,16999.83,2,2024-06,24.19,2024-06,19.6,0.53,1.27,2,2023-03,0,6.56,10.38,"IDFC,"
Capri Global Capital Ltd.,CGCL,Finance - Investment,16639.04,2,2024-06,291.52,2024-06,57.08,2.21,4.25,2,2023-03,2.12,7.51,8.99,"CGCL,"
Aptus Value Housing Finance India Ltd.,APTUS,Finance - Housing,15238.67,2,2024-06,641.38,2024-06,23.76,0.59,3.88,2,2024-03,1.38,17.26,14.7,"APTUS,"
Anand Rathi Wealth Ltd.,ANANDRATHI,Finance - Others,14766.67,2,2024-06,246.03,2024-06,60.23,1.97,26.58,2,2024-03,0.01,40.7,54.64,"ANANDRATHI,"
Aavas Financiers Ltd.,AAVAS,Finance - Housing,13471.95,2,2024-03,490.69,2024-03,27.45,1.21,3.62,2,2024-03,3.31,14.13,9.96,"AAVAS,"
UTI Asset Management Company Ltd.,UTIAMC,Finance - Asset Management,13008.57,2,2024-06,841.92,2024-06,16.56,1,2.84,2,2024-03,0,19.79,24.18,"UTIAMC,"
Sammaan Capital Ltd.,SAMMAANCAP,Finance - Housing,11516.14,2,2024-03,1216.98,2024-03,9.48,,0.58,2,2023-03,3.05,6.7,9.8,"SAMMAANCAP,"
Can Fin Homes Ltd.,CANFINHOME,Finance - Housing,10679.63,1,2024-06,766.88,2024-06,13.93,0.68,2.35,1,2024-03,7.34,18.79,9.26,"CANFINHOME,"
Bengal & Assam Company Ltd.,533095,Finance - NBFC,10508.52,2,2024-06,3320.33,2024-06,2.74,0.07,1.15,2,2023-03,0.94,9,11.12,"533095,"
Prudent Corporate Advisory Services Ltd.,PRUDENT,Finance - Others,10019.59,2,2024-06,154.89,2024-06,64.69,,19.06,2,2023-03,0,39.72,54.08,"PRUDENT,"
Home First Finance Company India Ltd.,HOMEFIRST,Finance - Housing,9001.1,1,2024-06,324.36,2024-06,27.75,0.6,4.15,1,2024-03,3.51,15.78,11.25,"HOMEFIRST,"
JM Financial Ltd.,JMFINANCIL,Finance - Investment,8983.95,2,2024-06,38,2024-06,21.67,1.27,1.04,2,2024-03,1.91,0.33,7.87,"JMFINANCIL,"
Kama Holdings Ltd.,532468,Finance - Investment,8821.22,2,2024-06,1428.27,2024-06,10.82,0.52,1.34,2,2024-03,0.75,25,20.52,"532468,"
SBFC Finance Ltd.,SBFC,Finance - NBFC,8744.12,2,2024-06,269.04,2024-06,32.5,,3.09,2,2024-03,1.45,10.67,10.93,"SBFC,"
India Shelter Finance Corporation Ltd.,INDIASHLTR,Finance - Housing,7938.49,2,2024-06,283.99,2024-06,27.95,,3.36,2,2024-03,1.5,14.12,12.31,"INDIASHLTR,"
Religare Enterprises Ltd.,RELIGARE,Finance - Investment,7935.34,2,2024-03,347.41,2024-03,34.07,2.73,3.39,2,2023-03,0.35,592.99,117.45,"RELIGARE,"
Choice International Ltd.,CHOICEIN,Finance - Stock Broking,7857.53,2,2024-06,141.6,2024-06,55.49,1.49,12.64,2,2023-03,0.48,15.08,16.93,"CHOICEIN,"
JSW Holdings Ltd.,JSWHL,Finance - Investment,7268.98,2,2024-06,119.39,2024-06,39.55,4.28,0.29,2,2024-03,0,0.53,0.7,"JSWHL,"
Edelweiss Financial Services Ltd.,EDELWEISS,Finance - NBFC,7230.79,2,2024-06,535.59,2024-06,16.85,,1.49,2,2023-03,3.26,6.17,10.25,"EDELWEISS,"
IIFL Securities Ltd.,IIFLSEC,Finance - Investment,6280.69,2,2024-06,621,2024-06,10.13,0.41,3.21,2,2024-03,0.65,32.98,34.88,"IIFLSEC,"
Sundaram Finance Holdings Ltd.,SUNDARMHLD,Finance - Investment,6131.18,2,2024-06,220.02,2024-06,10.7,0.34,1.27,2,2024-03,0,4.6,5.88,"SUNDARMHLD,"
Share India Securities Ltd.,SHAREINDIA,Finance - Stock Broking,5859.99,2,2024-06,446.45,2024-06,13.14,0.16,2.73,2,2023-03,0.24,53.05,53.88,"SHAREINDIA,"
Paisalo Digital Ltd.,PAISALO,Finance - NBFC,5628.94,2,2024-06,182.05,2024-06,30.92,2.76,4.11,2,2023-03,1.83,8.66,11.22,"PAISALO,"
Pilani Investment And Industries Corporation Ltd.,PILANIINVS,Finance - Investment,5259.37,2,2024-06,152.41,2024-06,30.28,2.43,0.36,2,2023-03,0.07,1.4,2.26,"PILANIINVS,"
MAS Financial Services Ltd.,MASFIN,Finance Term Lending,5016.28,2,2024-06,269.01,2024-06,18.87,1.32,2.13,2,2023-03,4.03,14.35,11.45,"MASFIN,"
Fedbank Financial Services Ltd,FEDFINA,Finance - NBFC,4353.15,1,2024-06,261.05,2024-06,16.68,0.37,1.87,1,2023-03,5.32,14.49,9.76,"FEDFINA,"
Spandana Sphoorty Financial Ltd.,SPANDANA,Finance - NBFC,4267.97,2,2024-06,436.98,2024-06,9.77,0.98,1.17,2,2024-03,2.63,15.09,14.39,"SPANDANA,"
Muthoot Microfin Ltd.,MUTHOOTMF,Finance - NBFC,3706.5,1,2024-03,449.58,2024-03,8.24,0.47,1.28,1,2024-03,3,20.5,15.2,"MUTHOOTMF,"
PTC India Financial Services Ltd.,PFS,Finance - NBFC,3606.42,2,2024-06,168.39,2024-06,21.42,0.71,1.4,2,2023-03,2.1,7.47,7.85,"PFS,"
Sindhu Trade Links Ltd.,SINDHUTRAD,Finance - NBFC,3261.18,2,2024-06,112.94,2024-03,46.08,,2.18,2,2023-03,1.23,-0.28,6.25,"SINDHUTRAD,"
Indostar Capital Finance Ltd.,INDOSTAR,Finance - NBFC,3233.24,2,2024-06,101.83,2024-06,31.75,13.43,0.99,2,2023-03,1.83,7.57,9.14,"INDOSTAR,"
Dhani Services Ltd.,DHANI,Finance - Stock Broking,3129.91,2,2024-06,-362.76,2024-06,0,,0.93,2,2023-03,0.25,-10.97,-5.59,"DHANI,"
Fusion Micro Finance Ltd.,FUSION,Finance - NBFC,3071.63,1,2024-06,349.21,2024-06,8.8,0.14,1.09,1,2023-03,2.93,21.27,14.34,"FUSION,"
Repco Home Finance Ltd.,REPCOHOME,Finance - Housing,2980.11,2,2024-06,411.05,2024-06,6.88,0.64,0.96,2,2024-03,3.58,14.16,10.46,"REPCOHOME,"
Abans Holdings Ltd.,AHL,Finance - NBFC,2884.14,2,2024-06,92.6,2024-06,34.05,1.86,3.07,2,2024-03,1.02,10.25,9.7,"AHL,"
Dolat Algotech Ltd.,DOLATALGO,Finance - Stock Broking,2513.28,2,2024-06,216.7,2024-06,11.63,,2.91,2,2023-03,0.22,19.95,25.53,"DOLATALGO,"
Rane Holdings Ltd.,RANEHOLDIN,Finance - Investment,2456.85,2,2024-06,106.35,2024-06,19.79,1.4,2.66,2,2024-03,0.91,17.46,8.68,"RANEHOLDIN,"
Geojit Financial Services Ltd.,GEOJITFSL,Finance - Stock Broking,2416.55,2,2024-06,166.88,2024-06,14.36,0.39,2.76,2,2024-03,0.42,18.44,21.07,"GEOJITFSL,"
Kalyani Investment Company Ltd.,KICL,Finance - Investment,2398.98,2,2024-06,49.24,2024-06,34.03,12.45,0.29,2,2023-03,0,1.04,1.38,"KICL,"
Monarch Networth Capital Ltd.,MONARCH,Finance - Stock Broking,2321.59,2,2024-06,146.17,2024-06,15.88,0.89,6.01,2,2023-03,0.01,22.3,30.79,"MONARCH,"
Satin Creditcare Network Ltd.,SATIN,Finance Term Lending,2319.89,2,2024-06,453.34,2024-06,5.12,0.31,0.93,2,2024-03,3.3,21.8,16.62,"SATIN,"
GKW Ltd.,GKWLIMITED,Finance - Investment,2241.38,1,2024-06,11.88,2024-03,161.82,,-150.24,1,2024-03,0,4.08,5.63,"GKWLIMITED,"
Ugro Capital Ltd.,UGROCAP,Finance - NBFC,2238.64,1,2024-06,124.47,2024-06,17.99,0.25,1.53,1,2024-03,3.25,9.9,12.16,"UGROCAP,"
SG Finserve Ltd.,539199,Finance - NBFC,2194.72,1,2024-06,82.34,2024-06,26.66,0.27,2.6,1,2023-03,0.95,6.99,6.22,"539199,"
BF Investment Ltd.,BFINVEST,Finance - Investment,2184.16,2,2024-03,-109.03,2024-03,5.04,0.18,0.35,2,2024-03,0,7.96,10.63,"BFINVEST,"
Nalwa Sons Investments Ltd.,NSIL,Finance - Investment,2159.94,2,2024-03,55.19,2024-03,38.38,0.75,0.17,2,2023-03,0,1.16,1.57,"NSIL,"
PNB Gilts Ltd.,PNBGILTS,Finance - NBFC,2158.32,1,2024-06,64.98,2024-06,33.22,,1.56,1,2023-03,15.27,-5.75,4.89,"PNBGILTS,"
Summit Securities Ltd.,SUMMITSEC,Finance - NBFC,2070.36,2,2024-06,70.32,2024-06,29.44,1.73,0.23,2,2024-03,0,1.07,1.39,"SUMMITSEC,"
Balmer Lawrie Investments Ltd.,532485,Finance - NBFC,2043.26,2,2024-06,208.82,2024-06,11.86,,1.61,2,2023-03,0.08,15.47,20.69,"532485,"
Mufin Green Finance Ltd.,MUFIN,Finance - Investment,2015.52,1,2024-03,16.06,2024-03,125.48,0.89,8.25,1,2023-03,1.48,6.4,6.98,"MUFIN,"
Master Trust Ltd.,511768,Finance - NBFC,1844.14,2,2024-06,123.59,2024-06,14.92,0.33,3.36,2,2023-03,0.44,19.83,25.51,"511768,"
Arman Financial Services Ltd.,ARMANFIN,Finance - NBFC,1833.14,2,2024-03,173.57,2024-03,10.56,0.16,2.26,2,2023-03,4.39,32.46,18.74,"ARMANFIN,"
Fedders Holding Ltd.,511628,Finance - Investment,1789.26,2,2024-03,93.7,2024-03,19.1,0.2,3.96,2,2023-03,0.14,10.89,9.66,"511628,"
Tourism Finance Corporation Of India Ltd.,TFCILTD,Finance Term Lending,1682,1,2024-03,91.11,2024-03,18.46,16.76,1.48,1,2024-03,0.9,8.65,10.49,"TFCILTD,"
Centrum Capital Ltd.,CENTRUM,Finance - Investment,1630.43,2,2024-03,-71.19,2024-03,0,0,4.11,2,2024-03,26.57,-14.98,10.94,"CENTRUM,"
SMC Global Securities Ltd.,SMCGLOBAL,Finance - Stock Broking,1537.52,2,2024-06,211.42,2024-06,7.31,0.36,1.34,2,2024-03,1.3,18.56,18.35,"SMCGLOBAL,"
Systematix Corporate Services Ltd.,526506,Finance - Investment,1533.68,2,2024-06,50.66,2024-06,30.27,,9.96,2,2023-03,0.21,5.24,7.41,"526506,"
5Paisa Capital Ltd.,5PAISA,Finance - Stock Broking,1487.64,2,2024-06,60,2024-06,24.8,0.82,2.66,2,2023-03,0.37,10.78,12.27,"5PAISA,"
Max India Ltd.,MAXIND,Finance - Investment,1384.92,2,2024-03,-57.46,2024-03,0,,2.81,2,2023-03,0.04,-1.76,0.52,"MAXIND,"
Wealth First Portfolio Managers Ltd.,WEALTH,Finance - Investment,1355.37,2,2024-06,48.24,2024-06,28.1,2.93,10.25,2,2023-03,0,19.45,26.02,"WEALTH,"
Sunshine Capital Ltd.,539574,Finance - NBFC,1312.52,2,2024-03,-47.21,2024-03,0,,2.76,2,2024-03,12.1,-59.79,-11.37,"539574,"
GIC Housing Finance Ltd.,GICHSGFIN,Finance - Housing,1251.23,2,2024-06,158.5,2024-06,7.89,,0.67,2,2024-03,4.68,8.58,8.62,"GICHSGFIN,"
VLS Finance Ltd.,VLSFINANCE,Finance - Investment,1246.22,2,2024-06,325.62,2024-06,3.83,0.31,0.41,2,2023-03,0,2.05,2.13,"VLSFINANCE,"
Sat Industries Ltd.,SATINDLTD,Finance - Others,1236.58,2,2024-06,221.89,2024-06,5.99,0.07,1.86,2,2024-03,0.1,60.29,63.55,"SATINDLTD,"
Vardhman Holdings Ltd.,VHL,Finance - NBFC,1235.12,2,2024-03,3.69,2024-03,6.68,1.33,0.37,2,2023-03,0,7.77,7.66,"VHL,"
Oswal Greentech Ltd.,OSWALGREEN,Finance - Investment,1211.88,1,2024-06,2.04,2024-06,594.64,,0.49,1,2024-03,0,0.26,0.45,"OSWALGREEN,"
Crest Ventures Ltd.,CREST,Finance - NBFC,1164.88,2,2024-03,60.77,2024-03,19.37,4.14,1.05,2,2024-03,0.18,5.96,8.63,"CREST,"
Finkurve Financial Services Ltd.,508954,Finance - NBFC,1041.51,1,2024-03,16.07,2024-03,64.81,1.26,5.52,1,2023-03,0.3,8.7,12.11,"508954,"
Industrial & Prudential Investment Company Ltd.,501298,Finance - NBFC,1033.83,2,2024-06,4.56,2024-06,20.54,1.17,1.34,2,2023-03,0,7.22,7.37,"501298,"
Saraswati Commercial (India) Ltd.,512020,Finance - NBFC,1006.11,2,2024-06,131.93,2024-06,7.63,,1.44,2,2023-03,0.05,2.71,4.56,"512020,"
Sastasundar Ventures Ltd.,SASTASUNDR,Finance - NBFC,993.6,2,2024-06,117.48,2024-06,25.66,,1.22,2,2023-03,0,-12.67,-15.23,"SASTASUNDR,"
Moneyboxx Finance Ltd.,538446,Finance - NBFC,969.91,1,2024-06,11.81,2024-06,82.15,,5.6,1,2023-03,3.07,-12.4,5.48,"538446,"
The Investment Trust of India Ltd.,THEINVEST,Finance - NBFC,950.55,2,2024-06,26.52,2024-06,29.48,,1.42,2,2023-03,0.28,1.88,4.71,"THEINVEST,"
CSL Finance Ltd.,CSLFINANCE,Finance - NBFC,940.01,1,2024-06,68.6,2024-06,13.7,0.67,1.9,1,2023-03,1.13,13.43,13.69,"CSLFINANCE,"
Capital India Finance Ltd.,530879,Finance - Investment,932.81,2,2024-03,-6.44,2024-03,80.08,,1.5,2,2023-03,1.56,-14.66,-0.08,"530879,"
Aditya Birla Money Ltd.,BIRLAMONEY,Finance - Stock Broking,925.34,1,2024-06,59.89,2024-06,15.45,0.39,5.17,1,2024-03,8.45,38.98,12.84,"BIRLAMONEY,"
Dhunseri Investments Ltd.,DHUNINV,Finance - Investment,907.87,2,2024-03,65.55,2024-03,18.58,,0.35,2,2024-03,0.14,4.75,6.44,"DHUNINV,"
STEL Holdings Ltd.,STEL,Finance - Investment,876.82,2,2024-06,13.13,2024-06,66.75,4.08,0.58,2,2023-03,0,1.58,2.11,"STEL,"
Radiant Cash Management Services Ltd.,RADIANTCMS,Finance - Investment,850.04,1,2024-06,42.3,2024-06,20.1,0.31,3.21,1,2023-03,0.12,33.93,48.45,"RADIANTCMS,"
Jindal Poly Investment and Finance Company Ltd.,JPOLYINVST,Finance - Investment,842.79,2,2024-03,31.99,2024-03,2.85,0.14,0.32,2,2023-03,0.01,20.7,25.57,"JPOLYINVST,"
Jindal Photo Ltd.,JINDALPHOT,Finance - Investment,829.44,2,2024-03,15.33,2024-03,3.12,0.02,0.37,2,2023-03,0.03,8.76,8.7,"JINDALPHOT,"
GFL Ltd.,GFLLIMITED,Finance - Investment,821.13,2,2024-03,2.81,2024-03,0,,0.32,2,2023-03,0,152.94,157.57,"GFLLIMITED,"
Prime Securities Ltd.,PRIMESECU,Finance - Stock Broking,820.08,2,2024-06,25.63,2024-06,32,4,4.95,2,2024-03,0,13.56,16.75,"PRIMESECU,"
Shriram Asset Management Company Ltd.,531359,Finance - Asset Management,775.29,1,2024-06,-8.52,2024-06,0,,10.52,1,2024-03,0,-17.71,-7.18,"531359,"
Arihant Capital Markets Ltd.,ARIHANTCAP,Finance - Stock Broking,774.81,2,2024-06,75.02,2024-06,9.97,1.46,2.28,2,2023-03,0.23,12,16,"ARIHANTCAP,"
MKVentures Capital Ltd.,514238,Finance - NBFC,751.38,2,2024-06,20.87,2024-06,35.99,,7.6,2,2023-03,7.81,51.39,9.21,"514238,"
AK Capital Services Ltd.,530499,Finance - Investment,705.34,2,2024-06,92.97,2024-06,7.66,1.12,0.75,2,2023-03,2.58,11.06,8.87,"530499,"
Alankit Ltd.,ALANKIT,Finance - Stock Broking,678.71,2,2024-06,24.66,2024-06,28.02,3.1,2.39,2,2024-03,0.16,10.05,12.33,"ALANKIT,"
Worth Investment & Trading Co Ltd.,538451,Finance - NBFC,657.06,1,2024-03,1.85,2024-03,354.78,3.01,14.24,1,2023-03,2.68,10.72,5.95,"538451,"
Consolidated Finvest & Holdings Ltd.,CONSOFINVT,Finance - NBFC,653.06,1,2024-03,46.47,2024-03,14.06,0.09,1.97,1,2023-03,0,50.25,65.96,"CONSOFINVT,"
Niyogin Fintech Ltd.,538772,Finance - Investment,599.49,2,2024-06,-28.05,2024-06,0,,2.21,2,2023-03,0,-10.68,-9.42,"538772,"
N.B.I. Industrial Finance Co. Ltd.,NBIFIN,Finance - NBFC,587.18,1,2024-03,7.86,2024-03,74.66,11.35,0.25,1,2023-03,0,0.23,0.35,"NBIFIN,"
SIL Investments Ltd.,SILINV,Finance - NBFC,580.07,2,2024-06,30.01,2024-06,19.75,2.46,0.26,2,2024-03,0,1.54,2.12,"SILINV,"
Shalibhadra Finance Ltd.,511754,Finance - NBFC,575.28,1,2024-03,11.97,2024-03,48.06,5.91,3.98,1,2023-03,0.73,13.22,15.14,"511754,"
Almondz Global Securities Ltd.,ALMONDZ,Finance - Stock Broking,545.42,2,2024-06,26.33,2024-06,14.98,0.75,2.42,2,2023-03,0.09,8.11,10.49,"ALMONDZ,"
Meghna Infracon Infrastructure Ltd.,538668,Finance - Stock Broking,540.98,1,2024-06,4.51,2024-06,120,,41,1,2023-03,0.85,-28.87,-12.21,"538668,"
SRG Housing Finance Ltd.,SRGHFL,Finance - Housing,540.26,1,2024-03,21.06,2024-03,25.65,3.4,2.88,1,2024-03,3.11,14.59,13.48,"SRGHFL,"
TruCap Finance Ltd.,TRU,Finance - Stock Broking,522.19,2,2024-03,10.96,2024-03,47.63,,2.46,2,2023-03,2.16,0.34,9.53,"TRU,"
Nahar Capital And Financial Services Ltd.,NAHARCAP,Finance - NBFC,519.05,2,2024-06,36.92,2024-06,20.27,0.49,0.34,2,2023-03,0,6.91,6.05,"NAHARCAP,"
Kiran Vyapar Ltd.,537750,Finance - NBFC,518.67,2,2024-06,36.58,2024-06,8.94,1.52,0.29,2,2023-03,0.1,2.66,3.41,"537750,"
Industrial Investment Trust Ltd.,IITL,Finance - NBFC,509.69,2,2024-03,69.15,2024-03,7.86,0.37,1.16,2,2023-03,0,12.53,14.89,"IITL,"
Muthoot Capital Services Ltd.,MUTHOOTCAP,Finance - NBFC,487.83,1,2024-06,115.71,2024-06,4.22,0.53,0.78,1,2023-03,3.87,17.47,11.64,"MUTHOOTCAP,"
UY Fincorp Ltd.,530579,Finance - NBFC,486.63,1,2024-03,64.92,2024-03,7.5,,1.53,1,2023-03,0,3.11,4.45,"530579,"
Emkay Global Financial Services Ltd.,EMKAY,Finance - Stock Broking,480.99,2,2024-06,46.36,2024-06,10.46,0.29,1.94,2,2024-03,0.14,14.07,18.98,"EMKAY,"
Thirdwave Financial Intermediaries Ltd.,531652,Finance - Investment,463.77,1,2024-03,0.04,2024-03,0,,8.01,1,2023-03,0,-11.18,-6.17,"531652,"
Gourmet Gateway India Ltd.,506134,Finance - Investment,460.29,2,2024-03,5.73,2024-03,96.09,,7.38,2,2023-03,2.05,16.32,15.18,"506134,"
Bombay Oxygen Investments Ltd.,509470,Finance - Investment,457.58,1,2024-06,64.87,2024-06,7.05,0.13,0.93,1,2024-03,0,14.48,17.66,"509470,"
Comfort Intech Ltd.,531216,Finance - NBFC,454.63,2,2024-06,8.5,2024-06,19.59,0.11,2.69,2,2024-03,0.17,4.67,6.77,"531216,"
IL&FS Investment Managers Ltd.,IVC,Finance - Investment,440.27,2,2024-06,5.23,2024-06,88.04,,2.22,2,2024-03,0,5.75,7.45,"IVC,"
Shardul Securities Ltd.,512393,Finance - NBFC,432.56,2,2024-03,97.81,2024-03,4.42,,0.64,2,2023-03,0,0.48,0.62,"512393,"
Akme Fintrade (India) Ltd.,AFIL,Finance - NBFC,429.74,1,2024-03,18.53,2024-03,23.19,,1.18,1,2023-03,0.87,9.25,12.73,"AFIL,"
Aryaman Financial Services Ltd.,530245,Finance - Investment,419.97,2,2024-06,32.8,2024-06,20.42,2.99,6.75,2,2023-03,0.73,10.46,11.13,"530245,"
Sakthi Finance Ltd.,511066,Finance - NBFC,389.27,1,2024-06,16.14,2024-06,24.11,25.82,1.75,1,2023-03,5.19,6.17,10,"511066,"
Quest Capital Markets Ltd.,500069,Finance - NBFC,389,1,2024-06,20.34,2024-06,19.13,2.33,0.39,1,2024-03,0,2.43,3.14,"500069,"
Mangalam Industrial Finance Ltd.,537800,Finance - NBFC,385.62,1,2024-06,-0.25,2024-06,0,,13.38,1,2023-03,0,-16.23,-15.5,"537800,"
Star Housing Finance Ltd.,539017,Finance - Housing,358.34,1,2024-06,10.35,2024-06,34.62,1.8,2.64,1,2023-03,1.57,8.45,9.46,"539017,"
Avonmore Capital & Management Services Ltd.,511589,Finance - Investment,324.84,2,2024-03,11.6,2024-03,0,0,1.08,2,2023-03,0.09,50.91,60.25,"511589,"
India Finsec Ltd.,535667,Finance - NBFC,324.24,1,2024-03,0.02,2024-03,0,0,7.26,2,2023-03,2.8,7.77,12.57,"535667,"
Alacrity Securities Ltd.,535916,Finance - Stock Broking,323.89,1,2024-03,11.45,2024-03,28.28,0.78,6.47,1,2023-03,0.31,14.1,16.62,"535916,"
Apollo Finvest (India) Ltd.,512437,Finance - Investment,323.8,1,2024-06,7.58,2024-06,42.75,0.75,5.18,1,2023-03,0,21.47,28.91,"512437,"
Welspun Investments and Commercials Ltd.,WELINV,Finance - Investment,321.59,1,2024-06,2.86,2024-06,112.37,1.33,0.7,1,2023-03,0,3.26,4.36,"WELINV,"
Jhaveri Credits & Capital Ltd.,531550,Finance - Stock Broking,315.95,1,2024-06,2.68,2024-06,117.89,3.15,3.66,1,2023-03,0,9.95,11.21,"531550,"
Naga Dhunseri Group Ltd.,NDGL,Finance - Investment,307.21,2,2024-03,23.29,2024-03,9.08,0.3,0.35,2,2024-03,0,4.29,4.71,"NDGL,"
Inventure Growth & Securities Ltd.,INVENTURE,Finance - Stock Broking,306.6,2,2024-06,17.68,2024-06,17.34,1.13,1.11,2,2023-03,0.13,4.54,6.24,"INVENTURE,"
Pune E - Stock Broking Ltd.,544141,Finance - Stock Broking,305.04,1,2024-03,11.57,2024-03,26.37,,2.68,2,2024-03,0.21,12.42,14.75,"544141,"
Reliance Capital Ltd.,RELCAPITAL,Finance - NBFC,297.94,2,2024-06,273.13,2023-12,0,0,-0.03,2,2023-03,-1.46,0,-20.97,"RELCAPITAL,"
Mercantile Ventures Ltd.,538942,Finance - NBFC,283.82,2,2024-03,-11.58,2024-03,0,0,0.85,2,2023-03,0.01,2.02,2.95,"538942,"
Standard Capital Markets Ltd.,511700,Finance - NBFC,281.99,1,2024-03,10.73,2024-03,26.33,0.28,1.21,1,2023-03,0.59,2.9,7.45,"511700,"
Capital Trade Links Ltd.,538476,Finance - NBFC,279.65,1,2024-06,11.01,2024-06,25.39,0.59,6.02,1,2024-03,3.78,24.91,14.84,"538476,"
Caspian Corporate Services Ltd.,534732,Finance - Others,278.01,2,2024-03,7.93,2024-03,35.07,,7.82,2,2023-03,1.67,3.67,2.3,"534732,"
LKP Finance Ltd.,507912,Finance - Investment,276.7,2,2024-06,58.43,2024-06,4.74,0.19,0.75,2,2024-03,0.24,18.18,18.17,"507912,"
Indo Thai Securities Ltd.,INDOTHAI,Finance - Investment,272,2,2024-06,17.2,2024-06,15.74,,3.49,2,2023-03,0.05,-11.64,-13.69,"INDOTHAI,"
Purple Finance Ltd.,544191,Finance - NBFC,269.56,1,2024-03,-7.61,2024-03,0,,6.21,1,2024-03,0.46,-23.53,-27.74,"544191,"
Regis Industries Ltd.,543208,Finance - NBFC,253.21,1,2024-06,-1.22,2024-06,0,,9.68,1,2023-03,0.19,-1.96,-1.7,"543208,"
Prithvi Exchange (India) Ltd.,531688,Finance - Others,252.56,2,2024-03,13.04,2024-03,19.35,,5.94,2,2023-03,0.16,15.75,20.48,"531688,"
PMC Fincorp Ltd.,534060,Finance - Investment,251.01,1,2024-06,15.37,2024-06,16.33,0.34,2.28,1,2024-03,0.18,11.56,10.69,"534060,"
Starteck Finance Ltd.,STARTECK,Finance - NBFC,249.74,2,2024-06,15.32,2024-06,16.3,0.29,1.21,2,2023-03,1.01,12.82,10.96,"STARTECK,"
Garnet International Ltd.,512493,Finance - Investment,246.42,2,2024-03,-5.19,2024-03,0,,9.01,2,2023-03,0.68,10.67,10.64,"512493,"
Ashika Credit Capital Ltd.,543766,Finance - NBFC,242.35,1,2024-06,20.92,2024-06,11.58,2.39,2.97,1,2024-03,0.37,17.07,17.92,"543766,"
Maha Rashtra Apex Corporation Ltd.,MAHAPEXLTD,Finance - Investment,238.65,2,2024-03,7.76,2024-03,0.69,,0.52,2,2023-03,0,-31.81,-31.71,"MAHAPEXLTD,"
Paul Merchants Ltd.,539113,Finance - Investment,236.43,2,2024-03,54.63,2024-03,4.33,,0.42,2,2023-03,0.6,9,11.27,"539113,"
Swastika Investmart Ltd.,530585,Finance - Stock Broking,235.78,2,2024-06,16.84,2024-06,14,0.65,3.04,2,2024-03,0.19,19.15,27.12,"530585,"
Delphi World Money Ltd.,DELPHIFX,Finance - Others,230.18,1,2024-03,15.19,2024-03,15.15,,1.04,1,2023-03,0,7.55,11.19,"DELPHIFX,"
Mangal Credit and Fincorp Ltd.,505850,Finance - NBFC,229.58,1,2024-06,11.82,2024-06,19.42,1.68,1.75,1,2023-03,0.77,7.26,9.26,"505850,"
Capital Trust Ltd.,CAPTRUST,Finance - NBFC,224.64,1,2024-03,2.15,2024-03,104.67,,2.92,1,2024-03,1.04,2.84,8.15,"CAPTRUST,"
Aryaman Capital Markets Ltd.,538716,Finance - Stock Broking,221.1,1,2024-03,6.46,2024-03,34.25,0.35,5.37,1,2024-03,1.12,18.51,14.32,"538716,"
Available Finance Ltd.,531310,Finance - NBFC,220.09,2,2024-06,0.27,2024-06,1.66,0.05,0.21,2,2023-03,0,0.03,0.05,"531310,"
Emerald Finance Ltd.,538882,Finance - NBFC,219.26,2,2024-06,5.01,2024-06,43.81,0.99,4.53,2,2023-03,0.14,8.53,12.05,"538882,"
Indbank Merchant Banking Services Ltd.,INDBANK,Finance - Stock Broking,217.5,1,2024-06,9.37,2024-06,23.2,2.43,2.52,1,2023-03,0.04,4.81,8.05,"INDBANK,"
Gujarat State Financial Corporation Ltd.,532160,Finance Term Lending,210.84,1,2024-06,-122.07,2024-06,0,,-0.07,1,2024-03,-0.23,0,0,"532160,"
Coral India Finance & Housing Ltd.,CORALFINAC,Finance - NBFC,204.82,1,2024-06,21.71,2024-06,9.43,0.46,1.07,1,2024-03,0,12.47,14.16,"CORALFINAC,"
Swati Projects Ltd.,543914,Finance - NBFC,200.99,2,2024-03,0.74,2024-03,364.77,,15.89,2,2023-03,0,7.37,9.16,"543914,"
Beacon Trusteeship Ltd.,BEACON,Finance - Investment,196.18,1,,,-0,,,10.86,2,2023-03,0,31.82,44.26,"BEACON,"
BN Rathi Securities Ltd.,523019,Finance - Stock Broking,187.78,2,2024-06,11.81,2024-06,15.75,0.29,2.82,2,2024-03,0,19.71,28.44,"523019,"
Reliance Home Finance Ltd.,RHFL,Finance - Housing,187.72,1,2024-06,-10.42,2024-06,0,0,-2.27,1,2023-03,-1.1,0,250.03,"RHFL,"
Indian Infotech & Software Ltd.,509051,Finance - Investment,187.52,1,2024-06,1.28,2024-06,146.05,,0.68,1,2023-03,0,0.26,0.34,"509051,"
Toyam Sports Ltd.,538607,Finance - Stock Broking,183.87,2,2024-03,8.44,2024-03,37.9,,0.55,2,2023-03,0.01,-32.23,-26.26,"538607,"
Money Masters Leasing & Finance Ltd.,535910,Finance - NBFC,181.29,1,2024-03,0.51,2024-03,356.87,42.25,14.22,1,2023-03,0.8,4.05,5.97,"535910,"
Vibrant Global Capital Ltd.,538732,Finance - Investment,178.59,2,2024-06,54.71,2024-06,3.26,,1.17,2,2023-03,0.4,-6.97,0.94,"538732,"
DB (International) Stock Brokers Ltd.,DBSTOCKBRO,Finance - Stock Broking,177.56,2,2024-06,9.02,2024-06,19.68,0.32,2.6,2,2023-03,0.02,11.81,17.13,"DBSTOCKBRO,"
Baid Finserv Ltd.,BAIDFIN,Finance - NBFC,173.98,1,2024-03,12.86,2024-03,13.46,2.29,1.04,1,2024-03,1.45,8.03,11.21,"BAIDFIN,"
RSD Finance Ltd.,539875,Finance - NBFC,173.48,2,2024-03,17.4,2024-03,12.39,0.63,0.87,2,2023-03,0.19,7.21,9.21,"539875,"
Upsurge Investment & Finance Ltd.,531390,Finance - NBFC,172.57,1,2024-06,12.34,2024-06,13.98,,3.31,1,2023-03,0.06,1.35,2.64,"531390,"
Visco Trade Associates Ltd.,540097,Finance - NBFC,172.18,2,2024-06,44.05,2024-06,3.91,0.03,1.55,2,2024-03,1.06,43.83,29.38,"540097,"
Sera Investments & Finance India Ltd.,512399,Finance - Others,171.66,1,2024-03,17.87,2024-03,9.61,,2.48,1,2023-03,1.15,-74.46,-21.75,"512399,"
Ganges Securities Ltd.,GANGESSECU,Finance - Investment,170.21,2,2024-03,3.48,2024-03,48.93,,0.31,2,2024-03,0,0.7,1.19,"GANGESSECU,"
Ascom Leasing & Investments Ltd.,ASCOM,Finance - NBFC,169.15,1,2024-03,4.97,2024-03,34.06,15.21,4.26,1,2023-03,0.01,13.37,17.41,"ASCOM,"
Keynote Financial Services Ltd.,KEYFINSERV,Finance - Investment,168.44,2,2024-06,27.68,2024-06,6.12,,1.28,2,2023-03,0.02,-1.72,0.18,"KEYFINSERV,"
LKP Securities Ltd.,540192,Finance - Stock Broking,168.25,2,2024-06,12.03,2024-06,13.99,0.4,2,2,2024-03,0.1,13.13,23.25,"540192,"
Srestha Finvest Ltd.,539217,Finance - Investment,167.28,1,2024-03,1.74,2024-03,96.19,,0.91,1,2023-03,0.49,-12.74,-7.46,"539217,"
Transwarranty Finance Ltd.,532812,Finance - NBFC,165.1,2,2024-06,1.48,2024-06,111.48,,4.42,2,2023-03,1.38,-42.78,-5.84,"532812,"
KIFS Financial Services Ltd.,535566,Finance - NBFC,160.21,1,2024-06,7.26,2024-06,22.08,1.35,3.08,1,2023-03,5.9,15.11,9.75,"535566,"
Munoth Capital Markets Ltd.,511200,Finance - Stock Broking,155.59,1,2024-03,-0.22,2024-03,0,,27.23,1,2023-03,0.05,-5.48,-5.22,"511200,"
Sonal Mercantile Ltd.,538943,Finance - NBFC,153.94,2,2024-03,11.71,2024-03,6.36,,0.49,2,2023-03,1.05,2.92,5.11,"538943,"
Arunjyoti Bio Ventures Ltd.,530881,Finance - Investment,148.55,1,2024-06,1.3,2024-06,114.18,5.75,4.06,1,2023-03,15.26,5.68,0.91,"530881,"
Credent Global Finance Ltd.,539598,Finance - NBFC,147.9,2,2024-03,2.49,2024-03,110.7,,2.03,2,2023-03,1.57,42.5,34.12,"539598,"
The Motor & General Finance Ltd.,MOTOGENFIN,Finance - NBFC,145.42,2,2024-06,1.52,2024-06,98.66,,2.95,2,2023-03,0.04,-5.35,-4.22,"MOTOGENFIN,"
Steel City Securities Ltd.,STEELCITY,Finance - Stock Broking,143.05,2,2024-06,13.19,2024-06,10.25,,1.13,2,2023-03,0.01,10.06,14.34,"STEELCITY,"
Leading Leasing Finance And Investment Co Ltd.,540360,Finance - NBFC,141.45,1,2024-03,2.09,2024-03,67.62,4.79,1.86,1,2024-03,7.76,16.33,4.82,"540360,"
Colab Cloud Platforms Ltd.,542866,Finance - Investment,138.01,1,2024-03,1.79,2024-03,77.27,6.38,6.36,1,2023-03,0.01,7.11,9.52,"542866,"
Palash Securities Ltd.,PALASHSECU,Finance - Investment,134.39,2,2024-03,-15.76,2024-03,0,,0.3,2,2024-03,0.07,-3.88,-2.72,"PALASHSECU,"
WSFX Global Pay Ltd.,511147,Finance - NBFC,132.98,1,2024-06,5.04,2024-06,26.37,1.65,3.92,1,2023-03,0.46,4.58,5.25,"511147,"
Saumya Consultants Ltd.,539218,Finance - NBFC,132.68,1,2024-03,21.38,2024-03,6.21,,1.22,1,2023-03,0,-1.31,-0.49,"539218,"
Nidhi Granites Ltd.,512103,Finance - Others,132.16,2,2024-06,1.35,2024-06,97.68,,7.46,2,2024-03,0.25,6.42,10.14,"512103,"
Tamboli Industries Ltd.,533170,Finance - Investment,131.74,2,2024-03,7.52,2024-03,17.5,11.16,1.2,2,2024-03,0.03,7.06,10.13,"533170,"
IBL Finance Ltd.,IBLFL,Finance - NBFC,131.69,1,2024-03,2.28,2024-03,57.68,,2.34,1,2024-03,0.09,5.93,8.46,"IBLFL,"
Dhruva Capital Services Ltd.,531237,Finance - NBFC,126.68,1,2024-06,1.66,2024-06,76.13,18.23,10.15,1,2023-03,0.01,1.2,1.48,"531237,"
Abhinav Capital Services Ltd.,532057,Finance - NBFC,123.67,1,2024-03,9.26,2024-03,13.36,0.58,1.6,1,2023-03,0,18.11,23.19,"532057,"
Virat Leasing Ltd.,539167,Finance - NBFC,116.82,1,2024-03,-0.13,2024-03,0,,7.45,1,2023-03,0.05,-0.31,0.01,"539167,"
Tilak Ventures Ltd.,503663,Finance - Investment,115.66,2,2024-06,5.81,2024-06,19.47,,1.46,2,2023-03,0.03,3.71,4.47,"503663,"
Alfred Herbert (India) Ltd.,505216,Finance - NBFC,114.94,2,2024-06,0.25,2024-06,467.25,12.96,0.96,2,2023-03,0,1.94,1.9,"505216,"
Advik Capital Ltd.,539773,Finance - NBFC,114.75,2,2024-06,8.01,2024-06,13.94,0.09,1,2,2023-03,1.28,27.42,21.35,"539773,"
ACME Resources Ltd.,539391,Finance - NBFC,114.15,2,2024-03,1.71,2024-03,66.75,1.51,0.9,1,2023-03,0.04,17.48,21.64,"539391,"
CNI Research Ltd.,512018,Finance - Investment,113.66,1,2024-06,0.44,2024-06,259.49,8.74,7.51,1,2024-03,0,6.85,6.99,"512018,"
Times Guaranty Ltd.,TIMESGTY,Finance - Investment,113.4,1,2024-06,1.85,2024-06,61.2,4.29,2.47,1,2023-03,0,2.17,2.5,"TIMESGTY,"
Key Corp Ltd.,507948,Finance - NBFC,112.44,1,2024-06,69.88,2024-06,1.61,0.02,1.57,1,2024-03,0,57.25,57.24,"507948,"
Wallfort Financial Services Ltd.,532053,Finance - Investment,110.97,1,2024-03,29.61,2024-03,3.75,,0.74,1,2023-03,0.02,4.32,5.3,"532053,"
Som Datt Finance Corporation Ltd.,511571,Finance - Investment,110.04,1,2024-03,12.09,2024-03,9.1,0.12,3.1,1,2023-03,0,3.13,3.51,"511571,"
Arnold Holdings Ltd.,537069,Finance - NBFC,108.65,1,2024-03,8.82,2024-03,12.31,0.21,1.98,1,2023-03,1.23,6.62,10.37,"537069,"
HB Stockholdings Ltd.,HBSL,Finance - NBFC,108.46,2,2024-06,34.22,2024-06,3.17,0.06,0.99,2,2024-03,0.01,44.68,48.33,"HBSL,"
Yogi Ltd.,511702,Finance - NBFC,107.32,1,2024-06,-0.27,2024-06,0,,2.15,1,2024-03,0.35,-1.19,-0.96,"511702,"
Milgrey Finance & Investments Ltd.,511018,Finance - Investment,107.21,1,2024-06,0.34,2024-06,311.66,,3.09,1,2023-03,1.93,-15.42,-0.74,"511018,"
Haryana Capfin Ltd.,532855,Finance - Investment,106.78,1,2024-06,2.86,2024-06,37.35,181.3,0.27,1,2023-03,0,0.97,1.31,"532855,"
Inter Globe Finance Ltd.,511391,Finance - NBFC,105.54,1,2024-03,8.69,2024-03,12.5,0.94,1.08,1,2023-03,0.04,2.1,4.18,"511391,"
Capfin India Ltd.,539198,Finance - Investment,105.45,1,2024-03,-0.47,2024-03,0,0,40.58,1,2023-03,0,6.1,7.29,"539198,"
21st Century Management Services Ltd.,526921,Finance - Investment,105.09,2,2024-06,59.4,2024-06,1.77,0.04,1.35,2,2024-03,0,86.99,78.43,"526921,"
SREI Infrastructure Finance Ltd.,SREINFRA,Finance - NBFC,104.14,1,2023-09,-6.73,2023-06,0,,-0.37,2,2023-03,-1.89,0,-53.19,"SREINFRA,"
Luharuka Media & Infra Ltd.,512048,Finance - NBFC,102.53,1,2024-06,1.06,2024-06,96.63,10,2.32,1,2023-03,0,4.61,7.26,"512048,"
SKP Securities Ltd.,531169,Finance - Investment,101.76,1,2024-06,11,2024-06,9.25,,2.26,1,2023-03,0.08,9.64,15.04,"531169,"
KBS India Ltd.,530357,Finance - Stock Broking,96.85,1,2024-06,0.16,2024-06,624.84,,3,1,2024-03,0,0.23,0.51,"530357,"
HB Portfolio Ltd.,532333,Finance - Investment,95.12,2,2024-06,7.33,2024-06,10,0.27,0.33,2,2024-03,0,2.17,3.4,"532333,"
Real Touch Finance Ltd.,538611,Finance - Investment,95.06,1,2024-06,2.77,2024-06,34.37,0.25,2.22,1,2023-03,2.32,6.93,9.78,"538611,"
Mukesh Babu Financial Services Ltd.,530341,Finance - NBFC,94.91,2,2024-06,5.72,2024-06,16.55,,0.99,2,2023-03,0.13,2.33,3.91,"530341,"
Titan Securities Ltd.,530045,Finance - Investment,94.64,2,2024-03,1.07,2024-03,9.4,0.14,1.06,2,2023-03,0,0.64,0.88,"530045,"
BLB Ltd.,BLBLIMITED,Finance - Stock Broking,92.99,1,2024-03,2.61,2024-03,35.63,1.44,0.97,1,2023-03,0.04,6.67,9.36,"BLBLIMITED,"
NCL Research & Financial Services Ltd.,530557,Finance - NBFC,92.05,1,2024-03,1.61,2024-03,57.17,1.03,0.83,1,2023-03,0,0.64,0.98,"530557,"
Futuristic Solutions Ltd.,534063,Finance - NBFC,91.78,1,2024-03,1.41,2024-03,64.96,3.38,5.99,1,2024-03,0,9.33,13.38,"534063,"
GACM Technologies Ltd.,GATECH,Finance - Stock Broking,91.2,2,2024-06,1.25,2024-06,72.67,,2.67,2,2023-03,-2.6,0,-0.97,"GATECH,"
F Mec International Financial Services Ltd.,539552,Finance - NBFC,88.87,1,2024-06,1.02,2024-06,87.47,1.46,7.24,1,2023-03,0.44,6.92,8.81,"539552,"
Dharni Capital Services Ltd.,543753,Finance - Asset Management,88.71,1,2024-03,2.92,2024-03,30.36,,6.25,2,2023-03,0,8.39,11.27,"543753,"
Sangam Finserv Ltd.,538714,Finance - NBFC,88.56,1,2024-03,7.9,2024-03,11.2,,0.7,1,2023-03,0.28,5.56,8.52,"538714,"
CMX Holdings Ltd.,532217,Finance - Investment,86.04,1,2024-06,-0.18,2024-06,0,,-15.9,1,2023-03,-1.02,0,-0.28,"532217,"
Unifinz Capital India Ltd.,541358,Finance - NBFC,85.93,1,2024-06,1.03,2024-06,83.02,,16.05,1,2023-03,1.3,-10.95,5.97,"541358,"
Biogen Pharmachem Industries Ltd.,531752,Finance - Others,85.49,1,2024-06,1.36,2024-06,62.63,4,1.52,1,2023-03,0,0.84,0.84,"531752,"
Pulsar International Ltd.,512591,Finance - NBFC,85.47,1,2024-06,3.16,2024-06,27.07,0.83,7.73,1,2023-03,0,3.52,3.02,"512591,"
Banas Finance Ltd.,509053,Finance - NBFC,84.02,2,2024-06,-10.94,2024-06,0,,0.44,2,2024-03,0.04,1.46,21.02,"509053,"
Kiduja India Ltd.,507946,Finance - NBFC,83,1,2024-06,36.28,2024-06,2.29,,-4.48,1,2023-03,-1.34,0,-7.65,"507946,"
Supra Pacific Financial Services Ltd.,540168,Finance - NBFC,82.97,1,2024-06,1.17,2024-03,124.21,2.66,1.51,1,2023-03,2.35,1.57,9.76,"540168,"
East West Freight Carriers Ltd.,540006,Finance - Investment,82.8,2,2024-03,6.73,2024-03,13,,1.26,2,2023-03,1.26,-1.54,4.86,"540006,"
NAM Securities Ltd.,538395,Finance - Stock Broking,81.96,1,2024-03,0.33,2024-03,247.61,,7.45,1,2023-03,0,0.26,0.51,"538395,"
Mena Mani Industries Ltd.,531127,Finance - Investment,81.78,1,2024-06,0.18,2024-06,454.35,29.2,-101.37,1,2023-03,-17.5,0,4.98,"531127,"
Escorp Asset Management Ltd.,540455,Finance - Asset Management,79.42,1,2024-03,17.25,2024-03,4.6,0.05,1.88,1,2023-03,0,4.59,5.19,"540455,"
Optimus Finance Ltd.,531254,Finance - NBFC,78.83,2,2024-03,8.22,2024-03,15,0.42,2.03,2,2023-03,0.19,29.29,30.11,"531254,"
Kalyan Capitals Ltd.,538778,Finance - Others,78.82,2,2024-06,6.82,2024-06,13.94,0.66,1.64,2,2023-03,2.33,11.28,14.91,"538778,"
3P Land Holdings Ltd.,3PLAND,Finance - Investment,78.75,2,2024-06,1.93,2024-06,40.89,0.66,0.79,2,2024-03,0,2.19,2.93,"3PLAND,"
Ceejay Finance Ltd.,530789,Finance - NBFC,78.3,1,2024-03,6.57,2024-03,11.91,2.81,1.13,1,2023-03,0.45,11.4,14.11,"530789,"
Morarka Finance Ltd.,511549,Finance - NBFC,77.75,1,2024-06,3.15,2024-06,24.71,1.66,0.47,1,2023-03,0,2.04,2.38,"511549,"
Joindre Capital Services Ltd.,531861,Finance - Stock Broking,75.55,2,2024-03,0.49,2024-03,154.24,6.24,1.04,2,2024-03,0.19,0.68,4.69,"531861,"
Softrak Venture Investment Ltd.,531529,Finance - Investment,75.28,1,2024-06,2.16,2024-06,34.9,0.17,1.66,1,2023-03,0.02,0.04,0.06,"531529,"
Apoorva Leasing Finance And Investment Company Ltd.,539545,Finance - Investment,72.65,2,2024-03,1.96,2024-03,34.96,,0.49,2,2023-03,0.01,1.37,1.89,"539545,"
Kreon Finnancial Services Ltd.,530139,Finance - NBFC,71.99,1,2024-06,-0.05,2024-06,0,0,2.18,1,2024-03,0.85,2.54,4.61,"530139,"
TCFC Finance Ltd.,532284,Finance - NBFC,71.75,1,2024-06,12.05,2024-06,5.96,0.23,0.64,1,2024-03,0,11.87,15.56,"532284,"
Lakshmi Finance & Industrial Corporation Ltd.,LFIC,Finance - NBFC,69.17,1,2024-06,12.49,2024-06,5.54,0.07,1.13,1,2024-03,0,20.11,24.86,"LFIC,"
ISL Consulting Ltd.,511609,Finance - Stock Broking,67.42,1,2024-06,3.13,2024-06,21.57,,4.18,1,2023-03,0,-8.28,-8.08,"511609,"
Veeram Securities Ltd.,540252,Finance - Others,66.49,1,2024-03,2.46,2024-03,27.03,1.38,3.01,1,2023-03,0,9.42,12.21,"540252,"
Elixir Capital Ltd.,531278,Finance - Investment,65.69,2,2024-03,20.96,2024-03,4.21,0.03,1.36,2,2024-03,0.49,50.96,48.77,"531278,"
Pioneer Investcorp Ltd.,507864,Finance - Investment,65.59,2,2024-06,3.28,2024-06,9.32,0.12,0.44,2,2024-03,0.71,2.85,7.31,"507864,"
Savani Financials Ltd.,511577,Finance - NBFC,65.38,1,2024-06,-3.6,2024-06,0,,1.38,1,2024-03,21.7,-181.49,-87.39,"511577,"
SPS Finquest Ltd.,538402,Finance - NBFC,64.11,1,2024-06,3.91,2024-06,16.39,0.19,1.04,1,2023-03,0.44,2.42,7.7,"538402,"
Mefcom Capital Markets Ltd.,531176,Finance - Investment,63.98,2,2024-06,7.54,2024-06,9.41,,2.84,2,2023-03,0.47,-35.82,-21.17,"531176,"
Chartered Capital & Investment Ltd.,511696,Finance - Investment,63.24,1,2024-03,5.43,2024-03,11.64,,0.39,1,2023-03,0,0.32,0.46,"511696,"
Walchand Peoplefirst Ltd.,501370,Finance - Investment,63.15,1,2024-06,2.88,2024-06,21.93,0.71,2.47,1,2024-03,0.01,14.09,18.66,"501370,"
Monotype India Ltd.,505343,Finance - Stock Broking,61.87,1,2024-06,5.41,2024-06,11.45,0.77,-5.09,1,2023-03,-1.1,0,324.27,"505343,"
Prismx Global Ventures Ltd.,501314,Finance - Investment,61.47,2,2024-03,-16.82,2024-03,0,,0.62,2,2023-03,0.04,5.24,6.11,"501314,"
Mehta Housing Finance Ltd.,511740,Finance - Housing,60.41,2,2024-03,-0.2,2024-03,0,,15.43,2,2024-03,0,-6.88,-6.88,"511740,"
ARC Finance Ltd.,540135,Finance - NBFC,59.58,1,2024-03,0.27,2024-03,218.26,12.85,1.16,1,2023-03,0.29,0.64,2.47,"540135,"
Regency Fincorp Ltd.,540175,Finance - Investment,59.55,1,2024-06,2.24,2024-06,26.62,0.66,0.98,1,2024-03,1.93,6.27,9.28,"540175,"
Shrydus Industries Ltd.,511493,Finance - Investment,59.32,1,2024-03,0.52,2024-03,112.99,6.56,1.41,1,2024-03,1.83,13.34,5.08,"511493,"
Comfort Fincap Ltd.,535267,Finance - NBFC,58.81,2,2024-06,5.6,2024-06,10.51,0.8,1.03,2,2024-03,0.47,9.81,12.53,"535267,"
Assam Entrade Ltd.,542911,Finance - Investment,58.57,2,2024-06,1.67,2024-03,43.74,0.68,0.94,2,2023-03,0.03,2.48,1.95,"542911,"
Innovassynth Investments Ltd.,533315,Finance - NBFC,58.44,2,2024-06,-0.73,2024-06,0,,1.62,2,2024-03,0.1,-2.31,-1.25,"533315,"
PH Capital Ltd.,500143,Finance - Investment,57.48,1,2024-06,17.91,2024-06,3.21,,1.21,1,2023-03,0.03,-13.28,-14.97,"500143,"
Khoobsurat Ltd.,535730,Finance - Investment,56.9,1,2024-06,0.29,2024-06,193.55,2.91,0.97,1,2023-03,0,1.07,1.44,"535730,"
Yamini Investments Ltd.,511012,Finance - Investment,56.78,1,2024-03,0.25,2024-03,226.21,32.17,0.84,1,2023-03,0,0.31,0.42,"511012,"
Zodiac Ventures Ltd.,503641,Finance - Investment,55.67,2,2024-03,0.52,2024-03,125.38,1.08,3.63,2,2023-03,4.2,54.62,34.54,"503641,"
Ladderup Finance Ltd.,530577,Finance - NBFC,55.42,2,2024-06,-2.75,2024-06,0,,0.71,2,2023-03,0.02,-1.89,-1.07,"530577,"
Ind Bank Housing Ltd.,523465,Finance - Housing,55.4,1,2024-06,-0.75,2024-06,0,,-0.46,1,2023-03,-1.08,0,-5.93,"523465,"
Galactico Corporate Services Ltd.,542802,Finance - Investment,54.99,2,2024-06,2.01,2024-06,27.37,0.5,1.67,2,2023-03,0.21,38.16,40.76,"542802,"
Salem Erode Investments Ltd.,540181,Finance - NBFC,54.98,1,2024-03,-1.82,2024-03,0,,2.28,1,2023-03,0.42,-0.37,4.09,"540181,"
Sellwin Traders Ltd.,538875,Finance - Investment,53.53,2,2024-03,0.96,2024-03,55.73,,1.53,2,2024-03,0.01,5.52,5.67,"538875,"
Visagar Financial Services Ltd.,531025,Finance - NBFC,52.55,1,2024-03,-1.21,2024-03,0,0,0.88,1,2023-03,0.24,3.5,4.36,"531025,"
Gogia Capital Services Ltd.,531600,Finance - Stock Broking,51.52,1,2024-06,-24.87,2024-06,0,,1.8,1,2024-03,0.04,-63.01,-47.54,"531600,"
Sulabh Engineers & Services Ltd.,508969,Finance - NBFC,51.44,2,2024-03,1.75,2024-03,36.13,,1.56,2,2023-03,0.11,4.76,5.2,"508969,"
Gujarat Credit Corporation Ltd.,511441,Finance - NBFC,51.25,2,2024-03,0.02,2024-03,0,,1.69,2,2023-03,1.5,0.08,0.11,"511441,"
Ad-Manum Finance Ltd.,511359,Finance - NBFC,51.07,1,2024-06,8.66,2024-06,5.9,0.22,0.75,1,2023-03,0.12,8.45,11.57,"511359,"
India Home Loan Ltd.,530979,Finance - Housing,50.96,1,2024-06,-3.08,2024-03,0,,1.24,1,2023-03,2.18,1.46,9.1,"530979,"
Pan India Corporation Ltd.,511525,Finance - Investment,50.35,1,2024-06,0.48,2024-06,104.46,,3.98,2,2023-03,0.02,-7.11,-7.03,"511525,"
Morgan Ventures Ltd.,526237,Finance - NBFC,50.26,1,2024-03,9.94,2024-03,5.05,0.02,0.79,1,2023-03,2.91,13.05,5.73,"526237,"
ICDS Ltd.,511194,Finance - NBFC,50.18,2,2024-06,1.79,2024-06,28.05,,2.02,2,2023-03,0.01,1.73,2.67,"511194,"
Sainik Finance & Industries Ltd.,530265,Finance - NBFC,49.94,1,2024-06,2.11,2024-06,23.65,,1.31,1,2023-03,2.74,-0.25,9.18,"530265,"
Indianivesh Ltd.,501700,Finance - NBFC,49.19,2,2024-03,2.53,2024-03,19.43,,-1.44,2,2023-03,-3.35,0,-3.79,"501700,"
Khandwala Securities Ltd.,KHANDSE,Finance - Stock Broking,48.78,2,2024-06,0.51,2024-06,95.09,4.53,1.62,2,2023-03,0.09,1.79,2.84,"KHANDSE,"
India Cements Capital Ltd.,511355,Finance - NBFC,46.47,2,2024-06,1.3,2024-06,35.97,,2.56,2,2023-03,2.73,4.53,1.54,"511355,"
Dynamic Portfolio Management & Services Ltd.,530779,Finance - NBFC,45.56,1,2024-03,0.01,2024-03,0,,3.81,1,2023-03,0.63,-5.61,-2.58,"530779,"
Odyssey Corporation Ltd.,531996,Finance - Investment,45.54,2,2024-03,3.56,2024-03,27.96,0.64,0.54,2,2023-03,0.03,2.06,2.16,"531996,"
Modern Engineering And Projects Ltd.,539762,Finance - Investment,45.53,1,2024-06,3.47,2024-06,13.13,,120.3,1,2023-03,-1.4,0,-63.69,"539762,"
J Taparia Projects Ltd.,538539,Finance - Investment,44.31,1,2024-06,-2.13,2024-06,0,0,1.86,2,2023-03,0.01,1.78,1.79,"538539,"
Qgo Finance Ltd.,538646,Finance - Investment,43.58,1,2024-06,3.02,2024-06,14.44,0.13,2.69,1,2023-03,5.27,14.26,13.34,"538646,"
Sai Capital Ltd.,531931,Finance - Investment,43.38,2,2024-03,-13.14,2024-03,0,,0.13,2,2023-03,0.04,0.73,1.67,"531931,"
Bombay Talkies Ltd.,511246,Finance - NBFC,43.2,1,2024-06,-0.2,2024-06,0,,9.02,1,2023-03,0,-9,-8.99,"511246,"
Utique Enterprises Ltd.,500014,Finance - Investment,43.09,1,2024-03,0.29,2024-03,150.14,6.51,0.62,1,2023-03,0,0.89,1.37,"500014,"
Vertex Securities Ltd.,531950,Finance - Stock Broking,43,2,2024-06,0.83,2024-06,51.93,,4.46,2,2023-03,1.02,-5.87,3.88,"531950,"
SPA Capital Services Ltd.,542376,Finance - Investment,42.98,2,2024-03,0.38,2024-03,66.32,,2.54,2,2023-03,1.34,1.71,1.71,"542376,"
Sumedha Fiscal Services Ltd.,530419,Finance - Investment,42.51,2,2024-06,7.75,2024-06,5.64,0.5,0.72,2,2024-03,0,14.14,17,"530419,"
Ashirwad Capital Ltd.,512247,Finance - Investment,42.03,1,2024-06,1.66,2024-06,25.27,1.48,1.89,1,2024-03,0,9.62,10.76,"512247,"
Oasis Securities Ltd.,512489,Finance - NBFC,40.87,1,2024-06,1.75,2024-06,23.31,,3.07,1,2023-03,0,-3.74,1.91,"512489,"
KJMC Financial Services Ltd.,530235,Finance - NBFC,39.62,2,2024-06,1.52,2024-06,28.1,,0.3,2,2023-03,0.1,-1.09,0.12,"530235,"
Smart Finsec Ltd.,539494,Finance - NBFC,38.49,1,2024-03,2.36,2024-03,16.27,1.57,2.65,1,2023-03,0.12,12.35,14.3,"539494,"
Libord Finance Ltd.,511593,Finance - NBFC,38.28,2,2024-06,0.18,2024-06,20.04,,2.15,2,2023-03,0,0.51,0.88,"511593,"
Paragon Finance Ltd.,531255,Finance - NBFC,37.83,1,2024-06,1.19,2024-06,31.71,,1.23,1,2023-03,0.06,-0.49,-0.25,"531255,"
Williamson Magor & Company Ltd.,WILLAMAGOR,Finance - NBFC,37.24,2,2024-03,-50.42,2024-03,0,0,-0.21,2,2023-03,-4.5,0,5.28,"WILLAMAGOR,"
HCKK Ventures Ltd.,539224,Finance - Investment,37.01,1,2024-06,0.23,2024-06,160.9,4.27,8.82,1,2024-03,0,6.41,8.08,"539224,"
Hybrid Financial Services Ltd.,HYBRIDFIN,Finance - NBFC,37,2,2024-06,3.07,2024-06,12.07,0.52,1.18,2,2024-03,0.07,7.34,7.65,"HYBRIDFIN,"
Comfort Commotrade Ltd.,534691,Finance - Stock Broking,36.71,2,2024-06,23.8,2024-06,1.54,,0.69,2,2023-03,0.42,-7.46,-0.81,"534691,"
Global Capital Markets Ltd.,530263,Finance - NBFC,36.64,1,2024-06,0.58,2024-06,63.51,5.33,0.8,1,2023-03,0,-0.35,-0.14,"530263,"
Parshwanath Corporation Ltd.,511176,Finance - Housing,36.59,1,2024-03,0.51,2024-03,71.04,1.87,3.16,1,2023-03,0.03,2.65,3.08,"511176,"
Aastamangalam Finance Ltd.,511764,Finance - NBFC,36.29,1,2024-03,3.62,2024-03,10.08,0.26,0.96,1,2023-03,2.32,9.78,8.37,"511764,"
Invigorated Business Consulting Ltd.,511716,Finance - NBFC,35.5,1,2024-06,-0.05,2024-06,0,,-0.2,1,2024-03,-0.05,0,0,"511716,"
MPIL Corporation Ltd.,500450,Finance - Others,35.48,1,2024-06,-0.54,2024-06,0,,2.38,1,2023-03,0.01,4.82,7.95,"500450,"
Nagreeka Capital & Infrastructure Ltd.,NAGREEKCAP,Finance - NBFC,34.58,1,2024-06,16.37,2024-06,2.11,,13.51,1,2023-03,-10.95,-488.21,7.55,"NAGREEKCAP,"
TTI Enterprise Ltd.,538597,Finance - NBFC,33.94,1,2024-03,0.23,2024-03,149.52,,1.27,1,2022-03,0,0.21,-0.23,"538597,"
Gold Line International Finvest Ltd.,538180,Finance Term Lending,33.86,1,2023-09,0.12,2023-09,289.42,14.31,0.63,1,2022-03,0.01,0.33,0.39,"538180,"
Dhanlaxmi Cotex Ltd.,512485,Finance - Investment,33.47,1,2024-03,2.71,2024-03,11.6,,0.47,1,2023-03,0,0.5,0.75,"512485,"
Consecutive Investments & Trading Company Ltd.,539091,Finance - Investment,33.31,1,2024-06,0.34,2024-03,197.11,,2.2,1,2023-03,0,2.01,2.68,"539091,"
Abirami Financial Services (India) Ltd.,511756,Finance - Investment,33.3,1,2024-06,1.51,2024-06,22.09,0.16,1.6,1,2024-03,0,6.76,5.14,"511756,"
RRP Semiconductor Ltd.,504346,Finance - Investment,33.22,1,2024-06,1.73,2024-06,19.22,21.72,3.45,1,2024-03,-1.03,0,103.5,"504346,"
Munoth Financial Services Ltd.,531821,Finance - Investment,32.95,1,2024-03,0.19,2024-03,173.41,,4.61,1,2023-03,0.06,-3.4,-3.12,"531821,"
KJMC Corporate Advisors (India) Ltd.,532304,Finance - Stock Broking,32.61,2,2024-03,2.3,2024-03,14.17,,0.56,2,2023-03,0.02,-0.23,0.06,"532304,"
Greencrest Financial Services Ltd.,531737,Finance - NBFC,32.53,1,2024-06,2.92,2024-03,30.6,1.63,0.61,1,2023-03,0.47,2.41,4.17,"531737,"
Frontier Capital Ltd.,508980,Finance - NBFC,32.38,1,2024-03,0.11,2024-03,294.4,19.32,13.19,1,2023-03,0.03,12.9,10.06,"508980,"
Kratos Energy & Infrastructure Ltd.,501261,Finance - NBFC,32.32,1,2024-06,-0.86,2024-06,0,,7.66,1,2023-03,0,-3.01,-3.07,"501261,"
KK Fincorp Ltd.,503669,Finance - NBFC,32.27,2,2024-03,-0.03,2024-03,504.26,16.11,1.89,2,2023-03,0,4.34,4.84,"503669,"
Stanrose Mafatlal Investments & Finance Ltd.,506105,Finance - Investment,32.22,2,2024-06,-7.8,2024-06,0,0,0.68,2,2024-03,0.04,-13.97,-13.6,"506105,"
Intec Capital Ltd.,526871,Finance - NBFC,31.7,1,2023-12,-28.32,2023-12,0,0,0.75,2,2023-03,1.33,-52.14,-17.74,"526871,"
SP Capital Financing Ltd.,530289,Finance - NBFC,31.26,2,2024-03,0.58,2024-03,55.24,5.98,2.49,2,2023-03,0.63,2.13,2.88,"530289,"
SMIFS Capital Markets Ltd.,508905,Finance - Investment,31.1,2,2024-03,2.41,2024-03,12.91,0.34,0.24,2,2024-03,0,1.96,2.69,"508905,"
Epuja Spiritech Ltd.,532092,Finance - Investment,30.7,1,2024-06,-0.77,2024-06,0,,1.88,1,2023-03,0.1,-3.6,-3.37,"532092,"
Inditrade Capital Ltd.,532745,Finance - Stock Broking,30.52,2,2024-06,2.66,2024-06,11.28,,0.26,2,2024-03,1.26,2.5,10.93,"532745,"
JMJ Fintech Ltd.,538834,Finance - NBFC,30.02,1,2024-06,3.77,2024-06,7.97,0.23,1.73,1,2023-03,0,6.84,8.63,"538834,"
Blue Chip India Ltd.,531936,Finance - Investment,29.97,1,2024-03,-2.94,2024-03,0,,16.16,1,2023-03,0,15.91,15.92,"531936,"
My Money Securities Ltd.,538862,Finance - Stock Broking,29.94,1,2024-03,2.08,2024-03,14.38,0.62,1.52,1,2023-03,0.1,1.67,1.22,"538862,"
Viji Finance Ltd.,VIJIFIN,Finance - NBFC,29.93,1,2024-06,-0.02,2024-06,0,,1.42,2,2023-03,0.76,3.66,4.24,"VIJIFIN,"
Sahara Housingfina Corporation Ltd.,511533,Finance - Housing,29.8,1,2024-03,1.4,2024-03,21.21,,0.58,1,2023-03,0.98,2.86,6.36,"511533,"
Bampsl Securities Ltd.,531591,Finance - Investment,29.75,1,2024-03,0.39,2024-03,75.5,4.81,0.78,1,2023-03,0,1.15,1.38,"531591,"
Cil Securities Ltd.,530829,Finance - Stock Broking,29.59,1,2024-06,3.01,2024-06,9.82,0.14,0.99,1,2024-03,0,10.34,14.9,"530829,"
Madhusudan Securities Ltd.,511000,Finance - Investment,29.56,1,2024-03,0.12,2024-03,244.31,120.72,0.52,1,2023-03,0,-0.25,-0.25,"511000,"
JA Finance Ltd.,543860,Finance - Investment,29.41,1,2024-06,1.1,2024-06,26.67,0.43,1.46,1,2023-03,0.43,2.16,5.02,"543860,"
Challani Capital Ltd.,530747,Finance - NBFC,28.73,1,2024-06,0.68,2024-06,42.43,2.07,4.91,1,2023-03,0.17,24.15,20.9,"530747,"
Shree Securities Ltd.,538975,Finance - Investment,28.73,1,2024-03,-59.36,2024-03,0,,-0.81,1,2023-03,0,-0.88,-0.88,"538975,"
Nalin Lease Finance Ltd.,531212,Finance - NBFC,28.67,1,2024-06,4.33,2024-06,6.62,0.28,0.87,1,2023-03,0.06,11.43,15.06,"531212,"
Roselabs Finance Ltd.,531324,Finance - NBFC,28.5,1,2024-06,-0.13,2024-06,0,0,-6.36,1,2024-03,-1.03,0,-173.43,"531324,"
Shricon Industries Ltd.,508961,Finance - Investment,28.23,1,2024-06,1.04,2024-06,27.01,1.03,6.25,1,2024-03,0,22.36,20.76,"508961,"
Adcon Capital Services Ltd.,539506,Finance - NBFC,27.84,1,2024-06,0.77,2024-06,36.3,,0.8,1,2023-03,0,-4.01,-3.94,"539506,"
NEIL Industries Ltd.,539016,Finance - NBFC,27.61,1,2024-06,2.34,2024-06,11.81,1.13,0.48,1,2023-03,0,3.43,4.52,"539016,"
Onesource Ideas Venture Ltd.,530805,Finance - Others,27.43,1,2024-03,0.04,2024-03,685.72,6.05,4.6,1,2023-03,0.11,5.16,4.9,"530805,"
AF Enterprises Ltd.,538351,Finance - Investment,26.77,2,2024-03,-0.35,2024-03,0,,0.81,2,2023-03,0.27,1.77,3.78,"538351,"
RKD Agri & Retail Ltd.,511169,Finance - Investment,26.69,1,2024-06,0.05,2024-06,533.81,12.37,4.35,1,2023-03,-5.2,0,2.23,"511169,"
Continental Securities Ltd.,538868,Finance - NBFC,26.49,1,2024-06,0.94,2024-06,28.24,0.31,1.95,1,2023-03,0.01,8.77,11.87,"538868,"
Sugal & Damani Share Brokers Ltd.,511654,Finance - Stock Broking,25.94,1,2024-06,3.26,2024-06,7.97,,1.14,1,2023-03,0.06,5.24,7.93,"511654,"
Kapil Raj Finance Ltd.,539679,Finance - NBFC,25.71,1,2024-03,-0.01,2024-03,0,0,1.91,1,2023-03,0.04,4.22,4.4,"539679,"
Margo Finance Ltd.,500206,Finance - NBFC,25.61,1,2024-06,0.33,2024-06,78.3,2.23,0.15,1,2024-03,0,0.22,0.39,"500206,"
Yash Management & Satellite Ltd.,511601,Finance - Investment,25.4,2,2024-06,0.14,2024-06,33.82,,1.04,2,2023-03,0.55,-7.52,0.94,"511601,"
Ajcon Global Services Ltd.,511692,Finance - Investment,25.32,2,2024-06,1.05,2024-06,25.1,0.19,1.09,2,2024-03,0.44,5.82,7.41,"511692,"
Gajanan Securities Services Ltd.,538609,Finance - Stock Broking,25.04,2,2024-03,0.16,2024-03,25.52,0.89,0.22,2,2023-03,0,-0.11,-0.1,"538609,"
Jindal Capital Ltd.,530405,Finance - Investment,24.93,1,2024-06,1.41,2024-06,17.72,7.55,2.31,1,2023-03,0.13,1.37,2.68,"530405,"
Stephanotis Finance Ltd.,512215,Finance - NBFC,24.88,1,2023-06,-0.14,2023-06,0,0,0.97,1,2022-03,0.04,-0.1,-0.11,"512215,"
Indergiri Finance Ltd.,531505,Finance - NBFC,24.84,1,2024-06,-0.64,2024-06,0,,5.87,1,2023-03,0,0.19,0.74,"531505,"
Bervin Investment & Leasing Ltd.,531340,Finance - Investment,24.8,1,2024-06,-1.13,2024-06,0,,0.61,1,2023-03,0,-35.78,-32.57,"531340,"
Mask Investments Ltd.,MASKINVEST,Finance - Investment,24.79,1,2024-06,0.03,2024-06,854.74,,0.25,1,2023-03,0.01,0.07,0.12,"MASKINVEST,"
GACM Technologies Ltd. - (DVR),570005,Finance - Stock Broking,24.71,1,2018-03,-4.49,2018-03,0,,,1,-0,,,,"570005,"
Anupam Finserv Ltd.,530109,Finance - NBFC,24.4,1,2024-06,1,2024-03,26.07,2.29,1.57,1,2023-03,0.27,5.43,7.52,"530109,"
Tradewell Holdings Ltd.,531203,Finance - Investment,24.37,1,2024-06,2.34,2024-06,10.42,1.16,4.03,1,2023-03,0.09,-9.74,-6.89,"531203,"
Easy Fincorp Ltd.,511074,Finance - Investment,24.25,1,2024-03,-0.16,2024-03,0,,1.44,1,2024-03,0.11,-1.06,-0.33,"511074,"
Daulat Securities Ltd.,530171,Finance - Stock Broking,23.68,1,2024-06,6.51,2024-06,3.64,0.02,0.98,1,2024-03,0,18.81,25.19,"530171,"
Glance Finance Ltd.,531199,Finance - NBFC,23.6,1,2024-06,2.37,2024-06,9.97,,0.63,1,2023-03,0.51,-1.19,1.96,"531199,"
Karnavati Finance Ltd.,538928,Finance - Investment,23.32,1,2024-03,-1.67,2024-03,0,,1.96,1,2023-03,0.94,4.22,5.37,"538928,"
Easun Capital Markets Ltd.,542906,Finance - Investment,22.57,1,2024-03,0.7,2024-03,32.01,,1.07,1,2023-03,0,1.22,2.21,"542906,"
Onelife Capital Advisors Ltd.,ONELIFECAP,Finance - Investment,22.4,2,2024-03,0.63,2024-03,57.89,,0.44,2,2023-03,0.16,-2.98,-1.01,"ONELIFECAP,"
Indus Finance Ltd.,531841,Finance - NBFC,22.11,1,2024-06,0.56,2024-06,39.2,1.27,1.21,1,2024-03,0.77,4.84,7.09,"531841,"
Suvifin Credit Solutions Ltd.,538647,Finance - NBFC,22.04,1,2024-06,10.38,2024-06,2.12,0.17,0.57,1,2023-03,1.97,1.28,4.72,"538647,"
Jackson Investments Ltd.,538422,Finance - Investment,21.8,1,2024-06,-0.05,2024-06,0,0,0.68,1,2023-03,0,0.97,1.27,"538422,"
NDA Securities Ltd.,511535,Finance - Stock Broking,21.44,2,2024-06,0.77,2024-06,27.77,,1.95,2,2023-03,0.07,9.47,3.52,"511535,"
Shreevatsa Finance & Leasing Ltd.,532007,Finance - NBFC,21.39,1,2024-06,0.58,2024-06,36.82,4.98,0.96,1,2023-03,0,1.55,2.13,"532007,"
Pro Fin Capital Services Ltd.,511557,Finance - NBFC,21.2,1,2024-06,-0.82,2024-06,0,,0.7,1,2023-03,9.58,1.93,4.42,"511557,"
RR Financial Consultants Ltd.,511626,Finance - Investment,21.02,2,2024-06,0.14,2024-06,221.21,66.74,0.46,2,2023-03,0.17,1.29,2.41,"511626,"
Richfield Financial Services Ltd.,539435,Finance - NBFC,20.88,1,2024-03,0.86,2024-03,32.17,,2.43,1,2023-03,0,0.11,0.09,"539435,"
BFL Asset Finvest Ltd.,539662,Finance - NBFC,20.87,1,2024-06,7.72,2024-06,2.7,0.04,1.03,1,2023-03,0.17,3.05,3.91,"539662,"
Franklin Leasing And Finance Ltd.,539839,Finance - NBFC,20.85,1,2024-03,0.19,2024-03,110.9,,0.56,1,2023-03,2.21,0.41,8.52,"539839,"
Trustwave Securities Ltd.,508963,Finance - NBFC,20.53,1,2024-06,-0.12,2024-06,0,0,-24.99,1,2023-03,-1.01,0,585.1,"508963,"
HB Leasing & Finance Company Ltd.,508956,Finance - NBFC,20.3,1,2024-06,-0.01,2024-06,0,0,7.74,1,2024-03,0.02,3.09,3.03,"508956,"
Sujala Trading & Holdings Ltd.,539117,Finance - Investment,20.3,1,2024-06,0.16,2024-06,125.28,,1.25,1,2023-03,0.39,0.68,0.61,"539117,"
Sarvottam Finvest Ltd.,539124,Finance - NBFC,20.18,1,2024-03,0.47,2024-03,42.79,1.29,0.8,1,2024-03,0.02,1.88,1.94,"539124,"
Kartik Investments Trust Ltd.,501151,Finance - Investment,20.12,1,2024-06,-0.01,2024-06,0,,4.51,1,2024-03,0,-0.13,-0.13,"501151,"
Fruition Venture Ltd.,538568,Finance - Stock Broking,20.1,1,2023-12,-0.08,2023-12,0,,3.21,1,2023-03,0,1.32,-2.37,"538568,"
Sharp Investments Ltd.,538212,Finance - Investment,19.61,1,2024-03,0,2024-03,0,,0.69,1,2023-03,0,0,0,"538212,"
SRG Securities Finance Ltd.,536710,Finance - NBFC,19.51,1,2024-03,0.47,2024-03,41.33,40.42,1.35,1,2023-03,0,3.79,5.03,"536710,"
Yunik Managing Advisors Ltd.,533149,Finance - Investment,19.25,1,2024-03,-0.32,2024-03,0,,43.45,1,2024-03,0,-53.76,-53.86,"533149,"
Gujarat Lease Financing Ltd.,500174,Finance - NBFC,19.23,1,2024-06,0.09,2024-06,213.69,10.62,-4.53,1,2023-03,-2.36,0,3.28,"500174,"
Mansi Finance (Chennai) Ltd.,511758,Finance - NBFC,19.16,1,2024-03,2.07,2024-03,9.26,10.96,0.55,1,2023-03,1.06,6.34,8.34,"511758,"
First Custodian Fund (India) Ltd.,511122,Finance - Investment,19.07,1,2024-03,1.64,2024-03,11.64,,1.37,1,2023-03,0.01,3.85,5.58,"511122,"
Marg Techno Projects Ltd.,540254,Finance - NBFC,18.89,1,2024-03,0.14,2024-03,135.88,1.76,2.8,1,2023-03,2.68,7.75,9.37,"540254,"
Rita Finance and Leasing Ltd.,543256,Finance - NBFC,18.64,1,2024-06,0.42,2024-06,44.59,0.44,1.19,1,2023-03,0,4.94,6.59,"543256,"
Prism Finance Ltd.,531735,Finance - NBFC,18.63,1,2024-03,5.16,2024-03,3.61,0.06,0.8,1,2024-03,0,25.1,35.98,"531735,"
Gemstone Investments Ltd.,531137,Finance - NBFC,18.39,1,2024-06,0.43,2024-06,42.47,,0.75,1,2023-03,0,0.96,1.11,"531137,"
Econo Trade (India) Ltd.,538708,Finance - Investment,18.26,1,2024-06,2.39,2024-06,7.63,0.18,0.42,1,2023-03,0.57,4.68,7.2,"538708,"
Golechha Global Finance Ltd.,531360,Finance - NBFC,18.23,1,2024-03,1.48,2024-03,12.33,,2.1,1,2023-03,0,-20.98,-27.92,"531360,"
GCM Securities Ltd.,535431,Finance - Stock Broking,18.05,1,2024-03,-0.38,2024-03,0,,1.6,1,2023-03,0,-9.25,-9.11,"535431,"
Garbi Finvest Ltd.,539492,Finance - NBFC,17.95,1,2024-03,-0.9,2024-03,0,,0.25,1,2024-03,0,-1.24,0.06,"539492,"
Indo-City Infotech Ltd.,532100,Finance - NBFC,17.85,1,2024-06,0.17,2024-03,46,,1.41,1,2023-03,0.01,-1,0.03,"532100,"
Premier Capital Services Ltd.,511016,Finance - NBFC,17.83,1,2024-03,-12.5,2024-03,0,,2.57,1,2023-03,0.02,-0.57,-0.57,"511016,"
Amrapali Capital & Finance Services Ltd.,536737,Finance - Stock Broking,17.79,1,2024-03,0.94,2023-03,0,,0.22,1,2023-03,0.11,-0.99,-0.05,"536737,"
ISF Ltd.,526859,Finance - NBFC,17.67,1,2024-06,-0.73,2024-06,0,,1.31,1,2023-03,0.13,0.05,0.46,"526859,"
Vedant Asset Ltd.,543623,Finance - Asset Management,17.5,1,2024-03,0.24,2024-03,74.46,,3.37,2,2023-03,0,7.78,10.86,"543623,"
Sita Enterprises Ltd.,512589,Finance - NBFC,17.45,1,2024-03,2.82,2024-03,6.2,0.47,1.22,1,2023-03,0,3.76,4.06,"512589,"
Amrapali Fincap Ltd.,539265,Finance - NBFC,17.1,1,2024-03,0.08,2023-03,28.88,,0.11,1,2023-03,0,0.4,0.44,"539265,"
United Credit Ltd.,531091,Finance - NBFC,17.04,1,2024-06,1.68,2024-03,10.42,5.72,0.59,1,2023-03,0,2.7,3.23,"531091,"
Enbee Trade & Finance Ltd.,512441,Finance - NBFC,16.64,1,2024-03,1.56,2024-03,10.68,,0.55,1,2023-03,2.35,1.73,5.72,"512441,"
TCI Finance Ltd.,501242,Finance - NBFC,16.17,1,2024-06,-0.69,2024-06,0,,-0.25,1,2023-03,-0.18,0,0,"501242,"
Integrated Capital Services Ltd.,539149,Finance - NBFC,15.76,2,2024-03,-0.02,2024-03,0,0,2.04,2,2024-03,0.28,-0.3,-0.78,"539149,"
Octal Credit Capital Ltd.,538894,Finance - NBFC,15.75,2,2024-03,0.11,2024-03,3.85,0.05,0.83,2,2024-03,0,25.16,25.32,"538894,"
Avasara Finance Ltd.,511730,Finance - NBFC,15.57,1,2024-06,0.05,2024-06,324.43,19.46,6.97,1,2023-03,0,1.28,1.28,"511730,"
Svaraj Trading & Agencies Ltd.,503624,Finance - Investment,15.52,1,2024-06,-0.08,2024-06,0,,0.27,1,2024-03,0,-0.01,0.1,"503624,"
Prism Medico and Pharmacy Ltd.,512217,Finance - Investment,15.49,1,2024-03,-0.02,2024-03,0,,1.02,1,2023-03,0,-0.55,-0.74,"512217,"
Bharat Bhushan Finance & Commodity Brokers Ltd.,511501,Finance - Investment,15.48,1,2024-06,0.29,2024-06,53.57,,0.64,1,2023-03,0,0.6,0.89,"511501,"
Helpage Finlease Ltd.,539174,Finance - NBFC,15.42,1,2024-06,0.99,2024-06,15.61,0.74,0.99,1,2024-03,2.88,5.86,6.78,"539174,"
Rajputana Investment & Finance Ltd.,539090,Finance - Investment,15.34,1,2024-06,0.48,2024-06,31.75,0.35,3.99,1,2024-03,0,15.04,20.32,"539090,"
Vikalp Securities Ltd.,531334,Finance - Investment,15.26,1,2024-03,0.02,2024-03,803.13,,3.51,1,2023-03,0.02,-0.09,0.13,"531334,"
Mehta Integrated Finance Ltd.,511377,Finance - Investment,15.03,1,2024-06,1.58,2024-06,9.52,0.46,0.91,1,2023-03,0.12,3.81,3.41,"511377,"
Dalal Street Investments Ltd.,501148,Finance - Investment,15.02,1,2024-06,0.25,2024-06,59.83,,2.87,1,2023-03,0.24,1.47,2.94,"501148,"
Swarna Securities Ltd.,531003,Finance - NBFC,14.78,1,2024-06,0.73,2024-06,20.22,1.11,2.51,1,2024-03,0,13.24,16.2,"531003,"
Tokyo Finance Ltd.,531644,Finance - NBFC,14.76,1,2024-06,0.43,2024-06,34.49,0.38,1.29,1,2023-03,0,1.21,1.47,"531644,"
Gilada Finance & Investments Ltd.,538788,Finance - Stock Broking,14.75,1,2024-03,1.71,2024-03,8.66,0.58,0.81,1,2023-03,0.4,9.29,13.75,"538788,"
Modern Shares & Stockbrokers Ltd.,509760,Finance - Stock Broking,14.59,1,2024-06,0.42,2024-06,35.16,,1.15,1,2023-03,0.13,1.52,1.97,"509760,"
Step Two Corporation Ltd.,531509,Finance - NBFC,14.42,1,2024-06,1.3,2024-06,11.08,5.25,2.05,1,2023-03,0,9.29,11.84,"531509,"
Rapid Investments Ltd.,501351,Finance - NBFC,14.4,1,2024-03,0.2,2023-12,86.26,,6.28,1,2023-03,0,1.61,2.89,"501351,"
Moongipa Capital Finance Ltd.,530167,Finance - NBFC,14.27,1,2024-06,2.27,2024-06,6.28,0.16,1.92,1,2024-03,0,31.53,34.87,"530167,"
NPR Finance Ltd.,530127,Finance - NBFC,14.23,1,2024-06,1.26,2024-06,11.31,,0.3,1,2023-03,0.06,-4.68,-5.81,"530127,"
India Lease Development Ltd.,500202,Finance - NBFC,14.19,1,2024-06,-0.15,2024-06,0,,1.29,1,2023-03,0,-0.78,-0.77,"500202,"
Ladam Affordable Housing Ltd.,540026,Finance - Investment,14.15,2,2024-03,-0.09,2024-03,0,,0.51,2,2023-03,0.34,-0.69,-0.42,"540026,"
Sumeru Industries Ltd.,530445,Finance - Investment,14.11,1,2024-06,-0.01,2024-06,0,,1.37,1,2024-03,0.01,0.02,0.88,"530445,"
Abhishek Finlease Ltd.,538935,Finance - NBFC,14.1,1,2024-06,0.18,2024-06,77.08,16.31,3.16,1,2023-03,0.02,2.58,3.4,"538935,"
Shalimar Agencies Ltd.,539895,Finance - Investment,13.8,1,2024-06,-0.07,2024-06,0,0,4.94,1,2023-03,0,-2.96,-2.97,"539895,"
Arunis Abode Ltd.,526935,Finance - Investment,13.79,2,2024-06,0.42,2024-06,32.67,,2.16,2,2023-03,0.57,2.98,7.95,"526935,"
Libord Securities Ltd.,531027,Finance - Investment,13.77,1,2024-06,0.59,2024-06,23.22,,3.01,1,2023-03,0,1.86,2.49,"531027,"
Alexander Stamps And Coin Ltd.,511463,Finance - Investment,13.59,1,2024-06,-0.07,2024-06,0,,0.81,1,2023-03,0,-0.1,-0.09,"511463,"
Aroma Enterprises (India) Ltd.,531560,Finance - Investment,13.57,1,2023-12,-0.1,2023-12,0,,-6.9,1,2023-03,-3.42,0,-5.82,"531560,"
Trinity League India Ltd.,531846,Finance - Others,13.5,2,2024-06,-0.06,2024-06,0,,2.34,2,2023-03,0,2.54,5.41,"531846,"
Esaar (India) Ltd.,531502,Finance - NBFC,13.49,1,2024-06,2.42,2024-06,5.58,,0.41,1,2024-03,1.28,-1.39,6.81,"531502,"
Disha Resources Ltd.,531553,Finance - Investment,13.39,1,2024-03,3.02,2024-03,4.43,0.27,0.35,1,2023-03,0.06,1.23,1.3,"531553,"
Amarnath Securities Ltd.,538465,Finance - Investment,13.28,1,2024-03,0.19,2024-03,71.03,,3.1,1,2023-03,0.21,4.87,4.94,"538465,"
DCM Financial Services Ltd.,DCMFINSERV,Finance - NBFC,13.19,2,2024-06,-0.98,2024-06,0,,-0.27,2,2023-03,-1.54,0,-2.96,"DCMFINSERV,"
Jindal Leasefin Ltd.,539947,Finance - Investment,13.18,1,2024-06,-0.12,2024-06,0,,1.6,1,2023-03,0,-1.27,-1.5,"539947,"
Mehta Securities Ltd.,511738,Finance - Investment,12.93,1,2024-06,-0.13,2024-03,0,0,2.4,1,2023-03,0,2.11,2.11,"511738,"
CFSL Ltd.,511710,Finance - NBFC,12.9,1,2024-06,0.72,2024-06,17.8,,0.87,1,2023-03,0,-2.08,-1.43,"511710,"
Manraj Housing Finance Ltd.,530537,Finance - Housing,12.85,1,2024-06,0.38,2024-06,34.27,2.41,-85.38,1,2023-03,-39.88,0,-0.69,"530537,"
Bridge Securities Ltd.,530249,Finance - Investment,12.81,1,2024-06,0.5,2024-06,25.56,,13.16,1,2023-03,0,-88.87,-97.08,"530249,"
Market Creators Ltd.,526891,Finance - Investment,12.71,1,2024-06,0.17,2024-06,76.54,1.4,1.2,1,2023-03,0.43,0.89,6.36,"526891,"
Beryl Securities Ltd.,531582,Finance - NBFC,12.61,1,2024-06,0.27,2024-06,46.53,,1.32,1,2023-03,0,1.42,2.1,"531582,"
Seven Hill Industries Ltd.,511760,Finance - Investment,12.48,1,2024-03,2.29,2024-03,3.91,0.18,1.57,1,2023-03,1.09,2.62,1.25,"511760,"
Photon Capital Advisors Ltd.,509084,Finance - Investment,12.46,2,2024-06,-2.56,2024-06,0,,1.52,2,2023-03,0,-3.57,-3.02,"509084,"
Ashtasidhhi Industries Ltd.,531341,Finance - NBFC,12.38,1,2024-06,-0.34,2024-06,0,0,1.22,1,2023-03,0,0.38,0.49,"531341,"
Vani Commercials Ltd.,538918,Finance - NBFC,12.33,1,2024-06,0.05,2024-06,241.72,,0.93,1,2023-03,0.71,-3.45,0.92,"538918,"
Jagsonpal Finance & Leasing Ltd.,530601,Finance - NBFC,12.25,1,2024-06,0.48,2024-06,25.32,2.01,11.94,1,2023-03,0,-9.96,-9.94,"530601,"
BCL Enterprises Ltd.,539621,Finance - NBFC,12.13,1,2024-06,-2.46,2024-03,0,,0.95,1,2023-03,0,-5.81,-4.32,"539621,"
ArihantS Securities Ltd.,531017,Finance - Investment,12.08,1,2024-03,1.03,2024-03,11.66,0.73,0.3,1,2023-03,0,2.71,3.63,"531017,"
Stellar Capital Services Ltd.,536738,Finance - NBFC,12.03,1,2024-03,-0.77,2024-03,0,,0.26,1,2023-03,0,-1.63,-1.64,"536738,"
Harmony Capital Services Ltd.,530055,Finance - Investment,12,1,2024-03,-0.06,2024-03,0,,8.87,1,2023-03,0,7.18,8.74,"530055,"
Navigant Corporate Advisors Ltd.,539521,Finance - Investment,11.98,1,2024-03,1.18,2024-03,10.19,5.4,1.28,1,2023-03,0,9.64,13.73,"539521,"
SI Capital & Financial Services Ltd.,530907,Finance - Investment,11.81,1,2024-06,-0.81,2024-03,0,0,2.67,1,2023-03,0.73,-3.58,0.64,"530907,"
Rich Universe Network Ltd.,530271,Finance - Investment,11.68,1,2024-06,-0.04,2024-06,0,,1.58,1,2023-03,0.2,0.11,0.03,"530271,"
Goenka Business & Finance Ltd.,538787,Finance - NBFC,11.58,1,2024-03,2.39,2024-03,5.28,0.31,0.37,1,2023-03,0,0.5,37.46,"538787,"
Gowra Leasing & Finance Ltd.,530709,Finance - NBFC,11.52,1,2024-06,1.54,2024-06,7.51,1.43,0.65,1,2023-03,0,7.05,10.49,"530709,"
Panafic Industrials Ltd.,538860,Finance - NBFC,11.42,1,2024-06,0.35,2024-06,32.52,1.25,1.15,1,2023-03,0,1.06,1.71,"538860,"
Anjani Finance Ltd.,531878,Finance - NBFC,11.41,2,2024-03,0.49,2024-03,17.45,,0.78,2,2023-03,0.3,7.99,9.69,"531878,"
Mahamaya Investments Ltd.,511187,Finance - Investment,11.35,2,2024-03,-0.28,2024-03,0,,2.66,2,2023-03,0.42,-9.12,-8.22,"511187,"
Pyxis Finvest Ltd.,534109,Finance - NBFC,11.23,1,2024-03,1.56,2023-03,9.39,,0.62,1,2023-03,0,6.88,12.03,"534109,"
Shyamkamal Investments Ltd.,505515,Finance - NBFC,11.18,1,2024-06,-0.21,2024-06,0,0,3.08,1,2024-03,0.09,-7.54,-6.93,"505515,"
GCM Capital Advisors Ltd.,538319,Finance - Investment,11.11,1,2024-03,0.52,2024-03,21.58,,0.4,1,2023-03,0.03,-23.28,-22.35,"538319,"
Gallops Enterprises Ltd.,531902,Finance - NBFC,11.1,1,2024-06,-0.11,2024-06,0,0,7.51,1,2023-03,0,-2.76,-2.76,"531902,"
Pankaj Piyush Trade And Investment Ltd.,506122,Finance - Investment,11.02,1,2024-06,-4.49,2024-06,0,,0.53,1,2023-03,0.08,-0.21,-0.09,"506122,"
RGF Capital Markets Ltd.,539669,Finance - NBFC,10.95,1,2024-03,0,2024-03,0,,0.79,1,2023-03,0,0.01,0.02,"539669,"
Longspur International Ventures Ltd.,504340,Finance - Others,10.93,1,2024-06,0.44,2024-06,24.63,2.87,0.37,1,2023-03,0.02,0.34,0.8,"504340,"
Bazel International Ltd.,539946,Finance - Investment,10.89,1,2024-03,0.36,2024-03,30.69,,0.25,1,2023-03,0.17,-3.89,-1.22,"539946,"
Mahan Industries Ltd.,531515,Finance - NBFC,10.84,1,2024-06,0.02,2024-06,722.4,51.44,3.55,1,2023-03,1.12,-0.75,0.03,"531515,"
KZ Leasing & Finance Ltd.,511728,Finance - NBFC,10.8,1,2024-06,1.21,2024-06,8.94,0.37,0.47,1,2023-03,0.22,2.24,3.33,"511728,"
Decillion Finance Ltd.,539190,Finance - Investment,10.69,1,2024-06,-0.02,2024-06,0,,0.86,1,2023-03,0.06,-0.52,-0.24,"539190,"
GSB Finance Ltd.,511543,Finance - Investment,10.52,1,2024-03,1.26,2024-03,8.37,,0.87,1,2023-03,0.53,0.61,3.01,"511543,"
Adinath Exim Resources Ltd.,532056,Finance - Investment,10.29,1,2024-06,0.58,2024-06,17.81,1.58,0.54,1,2023-03,0,4.18,4.06,"532056,"
Sanchay Finvest Ltd.,511563,Finance - Investment,10.19,1,2023-12,0.04,2023-12,226.38,1.79,3.01,1,2023-03,0,7.2,7.24,"511563,"
FGP Ltd.,500142,Finance - NBFC,10.11,1,2024-06,0.47,2024-06,21.47,,2.76,1,2023-03,0,-22.77,-17.58,"500142,"
Abhinav Leasing & Finance Ltd.,538952,Finance - NBFC,9.95,1,2024-06,-0.25,2024-06,0,0,1.63,1,2023-03,5.36,1.73,12.89,"538952,"
Inani Securities Ltd.,531672,Finance - Stock Broking,9.81,1,2024-03,1.32,2024-03,7.43,,0.52,1,2023-03,0.01,2.61,4.68,"531672,"
Nexus Surgical And Medicare Ltd.,538874,Finance - Stock Broking,9.71,1,2024-03,0.21,2024-03,45.51,1.45,17.14,1,2024-03,0,46.41,64.47,"538874,"
Mega Fin (India) Ltd.,532105,Finance - NBFC,9.69,1,2024-06,0.17,2024-06,56.65,2.34,7.79,1,2023-03,0.05,7.39,7.08,"532105,"
Brijlaxmi Leasing & Finance Ltd.,532113,Finance - Investment,9.48,1,2024-03,0.76,2024-03,12.48,,2.19,1,2023-03,6.63,-2.97,6.58,"532113,"
Minolta Finance Ltd.,532164,Finance - NBFC,9.27,1,2024-03,0.07,2024-03,181.76,,0.86,1,2023-03,0.09,0.48,0.61,"532164,"
Prime Capital Market Ltd.,535514,Finance - NBFC,9.27,1,2024-03,0.01,2024-03,772.51,51.86,0.97,1,2023-03,0.02,0.05,0.08,"535514,"
Siddha Ventures Ltd.,530439,Finance - Investment,9.23,2,2024-03,0.78,2024-03,11.67,0.23,0.23,2,2023-03,0,72.62,72.68,"530439,"
Integra Capital Ltd.,531314,Finance - NBFC,9.11,1,2024-03,0.96,2024-03,9.5,,1.96,1,2023-03,0,-7.98,-7.68,"531314,"
VB Desai Financial Services Ltd.,511110,Finance - Investment,9.06,1,2024-06,0.46,2024-06,19.69,0.62,0.78,1,2023-03,0,2.85,4.09,"511110,"
Polytex India Ltd.,512481,Finance - NBFC,9.02,1,2024-03,-0.16,2024-03,0,,3.49,1,2023-03,0.03,-2.69,-5.18,"512481,"
Ramsons Projects Ltd.,530925,Finance - NBFC,8.94,1,2024-06,-0.16,2024-06,0,,0.85,1,2023-03,0.12,-0.55,0.28,"530925,"
Rajath Finance Ltd.,507962,Finance - NBFC,8.72,1,2024-03,-1.34,2023-12,0,0,1.38,1,2023-03,0.09,-1.61,-1.49,"507962,"
Goyal Associates Ltd.,530663,Finance - NBFC,8.68,1,2024-03,0.73,2024-03,14.12,0.23,2.6,1,2023-03,0.48,25,20.48,"530663,"
Ushakiran Finance Ltd.,511507,Finance - NBFC,8.44,1,2024-06,0.2,2024-06,42,13.16,0.45,1,2023-03,0,1.15,0.59,"511507,"
Aravali Securities & Finance Ltd.,512344,Finance - Investment,8.4,1,2024-06,-0.42,2024-06,0,0,-11.14,1,2024-03,-5.82,0,-3.42,"512344,"
Kumbhat Financial Services Ltd.,526869,Finance - NBFC,8.36,1,2024-06,-1.79,2024-06,0,,3.15,1,2024-03,0,-50.76,-48.69,"526869,"
JJ Finance Corporation Ltd.,523062,Finance - NBFC,8.25,1,2024-03,0.37,2024-03,22.6,,0.86,1,2023-03,0,0.87,2.08,"523062,"
Mercury Trade Links Ltd.,512415,Finance - Investment,8.24,1,2024-06,1.6,2024-06,5.16,0.28,0.72,1,2023-03,0,1.55,1.67,"512415,"
VB Industries Ltd.,539123,Finance - Investment,8.21,1,2024-03,0.08,2024-03,100.07,21.23,0.09,1,2023-03,0,0.12,0.16,"539123,"
Shree Salasar Investments Ltd.,503635,Finance - Investment,8.2,2,2024-03,0.79,2023-09,23.76,0.25,0.25,2,2023-03,2.35,0.58,0.44,"503635,"
Shri Niwas Leasing And Finance Ltd.,538897,Finance - Investment,8.11,1,2024-06,-1.01,2024-06,0,,3.82,1,2024-03,0.1,-48.41,-45.99,"538897,"
Hasti Finance Ltd.,531387,Finance - NBFC,8.06,1,2024-03,-0.51,2024-03,0,,0.4,1,2023-03,0,-1.62,-2.15,"531387,"
Thirani Projects Ltd.,538464,Finance - NBFC,7.86,1,2024-03,-6.38,2024-03,0,,0.61,1,2023-03,0,-3.59,-3.59,"538464,"
Sri Amarnath Finance Ltd.,538863,Finance - NBFC,7.75,1,2024-06,2.99,2022-12,3.06,0.12,0.11,1,2023-03,0,3.76,4.81,"538863,"
Clio Infotech Ltd.,530839,Finance - Investment,7.49,1,2024-03,0.02,2024-03,374.37,,0.72,1,2023-03,0.53,-2.86,0.98,"530839,"
SW Investments Ltd.,503659,Finance - Investment,7.43,1,2024-06,0.03,2024-06,275.37,,0.96,1,2023-03,0,0.4,0.53,"503659,"
Williamson Financial Services Ltd.,519214,Finance - NBFC,7.37,1,2024-03,-4.72,2024-03,0,0,-0.02,1,2023-03,-1.35,0,-12.5,"519214,"
Krishna Capital And Securities Ltd.,539384,Finance - NBFC,7.32,2,2024-06,0.1,2024-06,84.19,,1.16,2,2023-03,0,2.44,2.89,"539384,"
Ramchandra Leasing & Finance Ltd.,538540,Finance - NBFC,7.06,1,2024-03,0.02,2024-03,415.32,,1.29,1,2023-03,0.06,0.25,0.31,"538540,"
N2N Technologies Ltd.,512279,Finance - Investment,7.02,1,2024-03,-0.03,2024-03,0,,1.48,1,2023-03,0.03,0.68,0.46,"512279,"
GK Consultants Ltd.,531758,Finance - NBFC,6.83,1,2024-06,0.01,2024-06,569.25,,1,1,2023-03,0.02,-2.31,-2.66,"531758,"
Vintage Securities Ltd.,531051,Finance - NBFC,6.74,1,2024-06,0.02,2024-03,0,0,0.45,1,2023-03,0,0.38,0.43,"531051,"
Mathew Easow Research Securities Ltd.,511688,Finance - NBFC,6.58,1,2024-03,0.06,2024-03,107.93,,0.47,1,2023-03,2.28,0.32,3.76,"511688,"
Agarwal Fortune India Ltd.,530765,Finance - NBFC,6.35,1,2024-06,0.06,2024-06,111.44,5.53,13.98,1,2023-03,0.31,18.75,21.33,"530765,"
Wagend Infra Venture Ltd.,503675,Finance - Investment,6.27,1,2024-03,-0.01,2024-03,0,,0.68,1,2023-03,0,0.38,0.41,"503675,"
GSL Securities Ltd.,530469,Finance - NBFC,6.04,1,2024-06,0.41,2024-06,14.59,,1.08,1,2023-03,0,-2.03,-2.03,"530469,"
Voltaire Leasing & Finance Ltd.,509038,Finance - NBFC,5.92,1,2024-06,0.46,2024-06,12.93,0.62,0.3,1,2023-03,0,0.98,1.33,"509038,"
Kinetic Trust Ltd.,531274,Finance - NBFC,5.8,1,2024-03,0.09,2024-03,63.07,,1.52,1,2023-03,0,-2.65,-3.5,"531274,"
Dhenu Buildcon Infra Ltd.,501945,Finance - Stock Broking,5.78,1,2024-03,-0.1,2024-03,0,,1.94,1,2023-03,0,-11.02,-14.14,"501945,"
Relic Technologies Ltd.,511712,Finance - Stock Broking,5.61,2,2024-03,-0.9,2024-03,0,0,1.1,2,2023-03,0,3.89,5.73,"511712,"
Citi Port Financial Services Ltd.,531235,Finance - NBFC,5.58,1,2024-06,0.03,2024-06,206.67,5.67,1.79,1,2023-03,0,0.73,0.98,"531235,"
Sungold Capital Ltd.,531433,Finance - NBFC,5.48,1,2024-06,0.04,2024-06,148.22,3.12,0.25,1,2023-03,0.38,0.12,0.13,"531433,"
Kuber Udyog Ltd.,539408,Finance - NBFC,5.43,1,2024-06,0.14,2024-06,38,,1.44,1,2023-03,0.83,1.58,4.41,"539408,"
Cindrella Financial Services Ltd.,531283,Finance - NBFC,5.4,2,2024-03,0.16,2024-03,15,0.12,0.74,2,2023-03,0,14.59,17.64,"531283,"
Sashwat Technocrats Ltd.,506313,Finance - Investment,5.36,1,2024-06,0.08,2024-03,52.04,1.55,3.89,1,2024-03,0.03,7.52,7.3,"506313,"
Scintilla Commercial & Credit Ltd.,538857,Finance - Investment,5.36,2,2024-03,-2.19,2024-03,0,,0.67,2,2023-03,0.07,-0.07,0.53,"538857,"
Galada Finance Ltd.,538881,Finance - NBFC,5.25,1,2024-06,0.36,2024-06,14.38,,0.94,1,2023-03,0.32,0.47,4.94,"538881,"
Ekam Leasing & Finance Company Ltd.,530581,Finance - NBFC,5.1,2,2024-03,0.63,2024-03,8.04,,0.57,2,2023-03,0.17,-2.17,-0.84,"530581,"
Pro CLB Global Ltd.,540703,Finance - Investment,5.08,1,2024-06,0.11,2024-06,44.93,,0.46,1,2023-03,0.03,-7.71,-7.39,"540703,"
Aryan Share And Stock Brokers Ltd.,542176,Finance - Stock Broking,5.06,1,2024-06,-1.11,2024-06,0,0,0.37,1,2023-03,0,3.76,4.92,"542176,"
Classic Leasing & Finance Ltd.,540481,Finance - NBFC,4.98,1,2024-03,0.18,2024-03,27.07,1.9,1.64,1,2023-03,-1.31,0,2.7,"540481,"
Lead Financial Services Ltd.,531288,Finance - NBFC,4.96,1,2024-06,0.24,2024-06,20.48,,0.83,1,2023-03,0.01,2.56,3.32,"531288,"
Explicit Finance Ltd.,530571,Finance - NBFC,4.92,1,2024-03,0.02,2024-03,328.07,21.09,0.62,1,2023-03,0,0.11,0.21,"530571,"
Ontic Finserve Ltd.,540386,Finance - Others,4.86,1,2024-06,-2.85,2024-06,0,0,2.88,1,2023-03,0,0.99,1.34,"540386,"
Atharv Enterprises Ltd.,530187,Finance - Others,4.83,1,2024-06,0.19,2024-06,25.82,,0.24,1,2023-03,0.02,0.55,0.95,"530187,"
GCM Commodity & Derivatives Ltd.,535917,Finance - Investment,4.79,1,2024-03,-0.68,2024-03,0,0,0.34,1,2023-03,0,4.81,4.84,"535917,"
Maruti Securities Ltd.,531319,Finance - Investment,4.71,1,2024-06,-0.21,2024-06,0,,-0.14,1,2023-03,-1.02,0,-64.16,"531319,"
Ganesh Holdings Ltd.,504397,Finance - NBFC,4.7,1,2024-06,-0.03,2024-06,0,0,2.32,1,2023-03,0,1.54,1.92,"504397,"
Futuristic Securities Ltd.,523113,Finance - Investment,4.68,1,2024-06,0.02,2024-06,246.32,,3.39,1,2023-03,0,-1.2,-2.05,"523113,"
Jayabharat Credit Ltd.,501311,Finance - NBFC,4.67,1,2023-12,-1.43,2023-12,0,0,-0.08,1,2023-03,-0.99,0,-4383.94,"501311,"
Ken Financial Services Ltd.,530547,Finance - NBFC,4.65,1,2024-03,0.08,2024-03,60.35,,0.65,1,2024-03,0.3,1.08,3.17,"530547,"
Manipal Finance Corporation Ltd.,507938,Finance - NBFC,4.48,1,2024-03,-0.14,2024-03,0,0,-0.3,1,2023-03,-0.29,0,0,"507938,"
Mid East Portfolio Management Ltd.,526251,Finance - Investment,4.46,1,2024-06,0.05,2024-06,85.8,,1.39,1,2023-03,0,2.05,2.05,"526251,"
KLG Capital Services Ltd.,530771,Finance - Investment,4.42,2,2024-06,0.03,2024-06,138.2,,0.59,2,2023-03,0.04,-0.89,-0.78,"530771,"
Swadha Nature Ltd.,531039,Finance - Investment,4.34,1,2024-06,0.03,2024-06,135.5,8.84,7.31,1,2023-03,0.72,1.17,0.75,"531039,"
Amerise Biosciences Ltd.,531681,Finance - Investment,4.16,1,2024-06,-0.13,2024-06,0,,0.78,1,2023-03,0.02,-2.13,-2.1,"531681,"
Systematix Securities Ltd.,531432,Finance - Investment,4.04,1,2024-03,-0.05,2024-03,0,,0.46,1,2023-03,0.01,-0.21,0.22,"531432,"
Superior Finlease Ltd.,539835,Finance - Investment,4.02,1,2024-06,-0.03,2024-06,0,0,0.59,1,2023-03,11.84,9.24,1.04,"539835,"
Rajkot Investment Trust Ltd.,539495,Finance - NBFC,4,1,2024-06,0.16,2024-06,25.64,0.53,0.86,1,2024-03,4.66,1.21,0.51,"539495,"
Dharani Finance Ltd.,511451,Finance - Investment,3.94,1,2024-06,0.12,2024-06,32.04,,0.44,1,2023-03,0,-1.55,-1.29,"511451,"
Alps Motor Finance Ltd.,538423,Finance - NBFC,3.86,1,2022-03,-6.4,2022-03,0,,-1.34,1,2021-03,8.93,-5.92,-0.05,"538423,"
Classic Global Finance & Capital Ltd.,538433,Finance - Investment,3.86,1,2022-12,0.02,2022-12,175.29,64.85,,1,2022-03,0.77,0.41,0.87,"538433,"
Regency Trust Ltd.,511585,Finance - NBFC,3.6,1,2024-03,0.04,2024-03,90,,-21.65,1,2023-03,-4.27,-1874.27,-77.01,"511585,"
Peoples Investments Ltd.,501144,Finance - Investment,3.55,1,2024-06,-0.01,2024-06,0,0,58.96,1,2023-03,0,-3.62,-3.5,"501144,"
RR Securities Ltd.,530917,Finance - Investment,3.44,1,2024-06,0.11,2024-06,32.77,,0.75,1,2023-03,0.03,-0.46,-1,"530917,"
Nikki Global Finance Ltd.,531272,Finance - Investment,3.43,1,2024-06,-0.03,2024-06,0,,2.47,1,2023-03,0.34,1.36,1.23,"531272,"
BP Capital Ltd.,536965,Finance - NBFC,3.43,1,2024-06,-0.15,2024-06,0,0,0.74,1,2023-03,0,-2.88,-2.87,"536965,"
Blueblood Ventures Ltd.,539637,Finance - Stock Broking,3.32,1,2024-03,0.02,2022-03,158.2,,-0.67,1,2023-03,-16.35,0,0.02,"539637,"
Vax Housing Finance Corporation Ltd.,531650,Finance - Housing,3.3,1,2022-09,0,2022-09,0,0,,1,2022-03,0,0,0,"531650,"
SSPN Finance Ltd.,539026,Finance - Investment,3.2,1,2024-03,0.02,2024-03,160.16,,0.74,1,2023-03,0.27,0.01,1.58,"539026,"
Pasupati Fincap Ltd.,511734,Finance - Investment,3.09,1,2024-03,-0.12,2024-03,0,,-12.65,1,2023-03,-0.59,0,0,"511734,"
Kanungo Financiers Ltd.,540515,Finance - Investment,2.99,1,2024-03,0.26,2024-03,11.36,0.28,0.5,1,2023-03,1.17,4.71,4.49,"540515,"
Premium Capital Market & Investment Ltd.,511660,Finance - Investment,2.9,1,2024-03,-0.28,2024-03,0,,-6.89,1,2023-03,0,0,0,"511660,"
JPT Securities Ltd.,530985,Finance - Investment,2.87,2,2024-06,-0.66,2024-06,0,,0.67,2,2023-03,0.06,-2.63,-2.02,"530985,"
AAR Shyam India Investment Co Ltd.,542377,Finance - Investment,2.82,1,2024-03,-0.38,2023-12,0,0,0.75,1,2023-03,0.08,7.33,6.91,"542377,"
Charms Industries Ltd.,531327,Finance - Others,2.77,1,2024-03,-0.04,2024-03,0,,10.57,1,2023-03,0.68,-38.73,-28.73,"531327,"
GDL Leasing & Finance Ltd.,530855,Finance - NBFC,2.51,1,2024-03,0.1,2023-03,278.6,12.14,0.79,1,2023-03,0,0.28,0.39,"530855,"
Concrete Infra & Media Ltd.,539266,Finance - Investment,2.48,1,2022-09,0.49,2022-09,5.04,0.03,,1,2022-03,0,6.01,8.12,"539266,"
Stellant Securities (India) Ltd.,526071,Finance - NBFC,2.46,1,2024-06,0.29,2024-06,8.58,0.49,3.58,2,2023-03,0,-95.79,-45.04,"526071,"
Supra Trends Ltd.,511539,Finance - NBFC,2.37,1,2024-03,-0.1,2024-03,0,0,-3.96,1,2023-03,-6.3,0,-2.11,"511539,"
M Lakhamsi Industries Ltd.,512153,Finance - NBFC,2.24,1,2024-03,0.71,2024-03,3.16,0.05,0.29,1,2023-03,1.34,10.93,10.95,"512153,"
Wellness Noni Ltd.,531211,Finance - Investment,2.24,1,2022-12,-1.22,2022-12,0,,2.67,1,2022-03,0,-117.65,-117.69,"531211,"
Darjeeling Ropeway Co Ltd.,539770,Finance - Investment,2.23,1,2024-06,0.28,2024-06,7.95,,0.42,1,2023-03,0.04,-0.05,-0.01,"539770,"
Brilliant Portfolios Ltd.,539434,Finance - Others,2.17,1,2024-06,0.46,2022-12,5.05,1.31,0.26,1,2023-03,2.19,5.84,9.58,"539434,"
ID Info Business Services Ltd.,511260,Finance - Investment,2.08,1,2024-06,-0.08,2024-03,0,0,-0.87,1,2023-03,-1.16,0,25.48,"511260,"
Mudra Financial Services Ltd.,539819,Finance - Investment,2.05,1,2024-06,0.28,2023-03,20.14,1.34,0.21,1,2024-03,0,2.94,3.87,"539819,"
Aneri Fincap Ltd.,531252,Finance - Investment,2.04,1,2024-03,-34.04,2024-03,0,,-0.05,1,2023-03,-3.26,0,-33.19,"531252,"
Oswal Leasing Ltd.,509099,Finance - NBFC,1.99,1,2024-06,-0.05,2024-06,0,0,0.72,1,2023-03,0,-0.85,-0.85,"509099,"
ACE Engitech Ltd.,530669,Finance - NBFC,1.85,1,2024-03,-0.15,2024-03,0,0,12.63,1,2023-03,0,-14.75,-14.09,"530669,"
Regal Entertainment & Consultants Ltd.,531033,Finance - Investment,1.8,1,2023-12,-0.04,2022-12,128.37,11.88,1.01,1,2023-03,0.09,-1.59,-1.44,"531033,"
Geetanjali Credit and Capital Ltd.,539486,Finance - NBFC,1.77,1,2024-06,0,2024-06,883.84,,0.57,1,2023-03,0,-0.44,-0.44,"539486,"
KD Leisures Ltd.,540385,Finance - Investment,1.77,1,2024-03,-0.01,2022-06,9.96,0.87,,1,2023-03,0,-74.48,-74.48,"540385,"
Indo Credit Capital Ltd.,526887,Finance - NBFC,1.55,1,2024-06,-0.03,2024-06,0,0,0.27,1,2024-03,0,-0.86,0.24,"526887,"
Rajvi Logitrade Ltd.,511185,Finance - NBFC,1.13,1,2024-06,0.8,2024-03,1.47,0.04,0.4,1,2023-03,-3.96,0,51.61,"511185,"
Five X Tradecom Ltd.,536751,Finance - Stock Broking,0.99,1,2022-06,0,2022-06,0,,0.05,1,2021-03,0,0.01,0.01,"536751,"
Magnanimous Trade & Finance Ltd.,512377,Finance - Investment,0.54,2,2024-03,18.28,2024-03,0.03,0,0.02,2,2023-03,0,4.71,5.46,"512377,"
Yash Trading & Finance Ltd.,512345,Finance - Investment,0.5,1,2024-06,-0.12,2024-03,0,,-0.61,1,2023-03,-1.62,0,-55,"512345,"
Silicon Valley Infotech Ltd.,531738,Finance - Investment,0.39,1,2024-03,-0.23,2024-03,0,,-0.79,1,2023-03,-5.22,-426.3,-43.07,"531738,"
Jupiter Industries & Leasing Ltd.,507987,Finance - Investment,0.34,1,2024-06,-0.08,2023-06,0,,-0.17,1,2023-03,-0.38,0,0,"507987,"
Swastik Safe Deposit & Investments Ltd.,501386,Finance - NBFC,0.28,1,2024-06,0.65,2023-09,0.22,0.02,0,1,2024-03,0,0.19,0.12,"501386,"
Mrugesh Trading Ltd.,512065,Finance - Investment,0.11,1,2024-03,0,2024-03,0,0,5.66,1,2023-03,4.73,-32.21,-10.79,"512065,"
Hindustan Housing Company Ltd.,509650,Finance - Housing,0.09,1,2024-03,2.36,2023-06,0.04,0,0,1,2023-03,0,5.02,6.69,"509650,"
Unijolly Investments Company Ltd.,503671,Finance - Investment,0.09,1,2024-06,0.03,2023-03,0.93,,0.01,1,2023-03,0,1.21,1.7,"503671,"
Elcid Investments Ltd.,503681,Finance - Investment,0.07,2,2024-06,213.65,2024-03,0,0,0,2,2024-03,0,1.54,2.02,"503681,"
HEM Holdings & Trading Ltd.,505520,Finance - Investment,0.05,1,2024-03,0.15,2023-06,0,,0.02,1,2023-03,0,-0.56,-0.34,"505520,"
White Hall Commercial Company Ltd.,512431,Finance - Investment,0,1,2024-06,-0.24,2022-12,0,0,0,1,2023-03,-0.8,0,-312.07,"512431,"
IRB InvIT Fund,IRBINVIT,Finance - Investment,0,1,2019-03,485.9,2024-03,,,,2,2024-03,0.78,9.42,9.37,"IRBINVIT,"
India Grid Trust,INDIGRID,Finance - Investment,0,1,2019-03,211.24,2024-03,,,,2,2024-03,3.64,5.79,7.37,"INDIGRID,"
Embassy Office Parks REIT,542602,Finance - Investment,0,2,2024-03,874.82,2024-03,,,,2,2023-03,0.61,2.01,4.25,"542602,"
India Infrastructure Trust - (INFRATRUST),542543,Finance - Investment,0,1,,,-0,,,,1,-0,,,,"542543,"
Mindspace Business Parks REIT,543217,Finance - Investment,0,1,,,2024-03,,,,2,2024-03,0.49,3.88,6.61,"543217,"
Data Infrastructure Trust,543225,Finance - Investment,0,1,,,2024-03,,,,2,2024-03,2.33,7.41,7.92,"543225,"
Brookfield India Real Estate Trust REIT,543261,Finance - Investment,0,1,,,2024-03,,,,2,2024-03,1.17,-0.04,5.08,"543261,"
POWERGRID Infrastructure Investment Trust.,PGINVIT,Finance - Investment,0,1,,,2024-03,,,,2,2024-03,0.08,12.88,13.94,"PGINVIT,"
Shrem InvIT,SHREMINVIT,Finance - Investment,0,1,,,2023-03,,,,2,2023-03,1.09,9.68,7.57,"SHREMINVIT,"
National Highways Infra Trust,543385,Finance Term Lending,0,1,,,2024-03,,,,2,2024-03,0.82,2.7,2.82,"543385,"
Highways Infrastructure Trust,HIGHWAYS,Finance Term Lending,0,1,,,2023-03,,,,2,2024-03,1.44,-13.24,2.07,"HIGHWAYS,"
Anzen India Energy Yield Plus Trust.,ANZEN,Finance - Investment,0,1,,,2024-03,,,,2,2024-03,0.56,-2.1,1.65,"ANZEN,"
Nexus Select Trust,543913,Finance - Investment,0,2,2024-03,592.3,2024-03,,,,2,2024-03,0.29,7.99,8.88,"543913,"
Intelligent Supply Chain Infrastructure Trust,544005,Finance - Investment,0,1,,,2023-03,,,,1,2023-03,0,0.39,0.39,"544005,"
Bharat Highways InvIT,BHINVIT,Finance - Investment,0,1,,,-0,,,,1,-0,,,,"BHINVIT,"
