Sector: Healthcare,
Date: 13-Aug-2024,
Note:- Statement: 1 = Standalone and 2 = Consolidated,
Generated by and for: sangram.dash.mobile@gmail.com,

Stock Name,Symbol,Industry,Market Cap(Rs. Cr.),TTM Statement,Period Ending,Total Debt(Rs. Cr.),Enterprise Value(Rs. Cr.),TTM Ending (Results),Net Sales (Rs. Cr.),Profit After Tax (Rs. Cr.),TTM Ending (Valuation),Price Earning Ratio(TTM),"PEG Ratio ",Price To Book Value(TTM),Statement,Year Ending,Debt Equity Ratio,Return On Equity(%),Return On Capital Employed(%),Symbol with Comma for External Upload
Sun Pharmaceutical Industries Ltd.,SUNPHARMA,Pharmaceuticals & Drugs,417424.3,2,2024-03,2845.69,409749.31,2024-06,49208.76,10506.65,2024-06,40.18,1.91,6.27,2,2024-03,0.04,16.13,17.6,"SUNPHARMA,"
Divi's Laboratories Ltd.,DIVISLAB,Pharmaceuticals & Drugs,128965.96,2,2024-03,0,124985.96,2024-06,8185,1674,2024-06,77.04,22.56,9.21,2,2024-03,0,12.15,16.46,"DIVISLAB,"
Cipla Ltd.,CIPLA,Pharmaceuticals & Drugs,127800.4,2,2024-03,247.02,127172.45,2024-06,26139.14,4335.02,2024-06,29.7,1.29,4.6,2,2024-03,0.01,16.63,22.77,"CIPLA,"
Zydus Lifesciences Ltd.,ZYDUSLIFE,Pharmaceuticals & Drugs,118282.81,2,2024-03,768.6,117946.31,2024-06,20615.3,4181.9,2024-06,28.21,1.78,5.55,2,2024-03,0.04,20.52,24.9,"ZYDUSLIFE,"
Dr. Reddy's Laboratories Ltd.,DRREDDY,Pharmaceuticals & Drugs,115923.13,2,2024-03,2002,116197.43,2024-06,28949.3,5549,2024-06,20.83,0.89,3.93,2,2024-03,0.07,21.76,26.86,"DRREDDY,"
Torrent Pharmaceuticals Ltd.,TORNTPHARM,Pharmaceuticals & Drugs,113798.89,2,2024-03,3937.42,116897.27,2024-06,10996,1735,2024-06,65.59,4.49,15.56,2,2024-03,0.57,25.38,24.28,"TORNTPHARM,"
Lupin Ltd.,LUPIN,Pharmaceuticals & Drugs,95749.74,2,2024-03,2669.91,97217.11,2024-06,20797.09,2287.78,2024-06,42.3,2.8,6.39,2,2024-03,0.19,14.61,16.24,"LUPIN,"
Apollo Hospitals Enterprise Ltd.,APOLLOHOSP,Hospital & Healthcare Services,94704.48,2,2024-03,3161.9,96932.58,2024-03,19059.2,917,2024-03,105.39,3.44,14.02,2,2024-03,0.47,14.26,19.08,"APOLLOHOSP,"
Aurobindo Pharma Ltd.,AUROPHARMA,Pharmaceuticals & Drugs,88189.62,2,2024-03,6315.22,88226.54,2024-06,29718.37,3533.22,2024-06,25.04,3.84,2.87,2,2024-03,0.21,11.18,13.76,"AUROPHARMA,"
Mankind Pharma Ltd.,MANKIND,Pharmaceuticals & Drugs,87058.02,2,2024-03,196.04,86056.08,2024-06,10649.58,1976.25,2024-06,44.36,1.64,8.81,2,2024-03,0.02,23.15,28.38,"MANKIND,"
Max Healthcare Institute Ltd.,MAXHEALTH,Hospital & Healthcare Services,84368.03,2,2024-03,1149.62,84418.38,2024-06,5663.98,1053.83,2024-06,80.06,0.65,9.76,2,2023-03,0.08,16.19,15.32,"MAXHEALTH,"
Alkem Laboratories Ltd.,ALKEM,Pharmaceuticals & Drugs,68227.38,2,2024-03,1213.97,67862,2024-06,12731.68,2073.89,2024-06,33.21,1.64,6.29,2,2024-03,0.12,18.74,19.52,"ALKEM,"
Abbott India Ltd.,ABBOTINDIA,Pharmaceuticals & Drugs,57985.84,1,2024-03,0,55851.35,2024-06,5927.52,1238.99,2024-06,46.8,2.16,14.54,1,2024-03,0,35.31,47.34,"ABBOTINDIA,"
Glaxosmithkline Pharmaceuticals Ltd.,GLAXO,Pharmaceuticals & Drugs,47840.26,2,2024-03,0,46777.05,2024-06,3506.7,640.04,2024-06,74.75,6.24,24.3,2,2024-03,0,33.43,46.49,"GLAXO,"
Glenmark Pharmaceuticals Ltd.,GLENMARK,Pharmaceuticals & Drugs,41700.35,2,2024-03,990.6,41031.49,2024-03,12178.64,-1695.4,2024-03,0,0,5.31,2,2023-03,0.46,4.07,9.17,"GLENMARK,"
Biocon Ltd.,BIOCON,Pharmaceuticals & Drugs,40460.22,2,2024-03,15729.6,53931.12,2024-06,14766,2061.7,2024-06,25.59,3.29,1.99,2,2024-03,0.81,7,7.03,"BIOCON,"
Ajanta Pharma Ltd.,AJANTPHARM,Pharmaceuticals & Drugs,39673.33,2,2024-03,1.49,39544.05,2024-06,4332.59,853.82,2024-06,46.47,2.89,10.42,2,2024-03,0,23.49,32.22,"AJANTPHARM,"
Fortis Healthcare Ltd.,FORTIS,Hospital & Healthcare Services,39053.98,2,2024-03,858.3,39313.89,2024-06,7094.41,684.53,2024-06,59.8,1.04,4.98,2,2024-03,0.11,8.66,12.01,"FORTIS,"
Ipca Laboratories Ltd.,IPCALAB,Pharmaceuticals & Drugs,35414.57,2,2024-03,1387.5,36505.23,2024-06,8212.46,561.98,2024-06,61.4,7.66,5.59,2,2024-03,0.22,8.7,13.1,"IPCALAB,"
Syngene International Ltd.,SYNGENE,Pharmaceuticals & Drugs,33209.3,2,2024-03,141.7,32787.5,2024-06,3470.2,492.3,2024-06,67.46,7.13,7.79,2,2024-03,0.03,13.18,15.55,"SYNGENE,"
Gland Pharma Ltd.,GLAND,Pharmaceuticals & Drugs,32453.62,2,2024-03,319.78,30933.97,2024-06,5857.74,722.12,2024-06,44.94,,3.66,2,2024-03,0.04,9.26,13.63,"GLAND,"
JB Chemicals & Pharmaceuticals Ltd.,JBCHEPHARM,Pharmaceuticals & Drugs,30138.4,2,2024-03,357.14,30400,2024-06,3592.38,587.15,2024-06,51.33,2.2,10.18,2,2024-03,0.13,21.49,25.23,"JBCHEPHARM,"
Global Health Ltd.,MEDANTA,Hospital & Healthcare Services,29122.62,2,2024-03,419.34,28366.67,2024-06,3346.25,482.31,2024-06,60.36,1.04,9.67,2,2023-03,0.35,16.17,18.71,"MEDANTA,"
Dr. Lal Pathlabs Ltd.,LALPATHLAB,Hospital & Healthcare Services,27271.53,2,2024-03,83.33,26524.56,2024-06,2287.5,386.5,2024-06,71.48,5.75,14.29,2,2024-03,0.05,21.27,27.89,"LALPATHLAB,"
Pfizer Ltd.,PFIZER,Pharmaceuticals & Drugs,26480.16,1,2024-03,2.5,24435.95,2024-06,2224.67,608.51,2024-06,43.52,8.99,7.07,1,2024-03,0,16.21,22.37,"PFIZER,"
Natco Pharma Ltd.,NATCOPHARM,Pharmaceuticals & Drugs,26428.56,2,2024-03,363.2,25838.86,2024-06,4220.9,1636.5,2024-06,16.15,29.75,4.05,2,2023-03,0.03,15.66,18.06,"NATCOPHARM,"
Suven Pharmaceuticals Ltd.,SUVENPHAR,Pharmaceuticals & Drugs,25642.33,2,2024-03,38.58,25630.4,2024-06,934.49,240.46,2024-06,106.64,4.76,12.16,2,2024-03,0.02,15.87,21.22,"SUVENPHAR,"
Piramal Pharma Ltd.,PPLPHARMA,Pharmaceuticals & Drugs,24758.35,2,2024-03,4558.86,28834.65,2024-06,8373.45,-39.74,2024-06,891.87,,3.18,2,2024-03,0.58,0.24,5.07,"PPLPHARMA,"
Narayana Hrudayalaya Ltd.,NH,Hospital & Healthcare Services,24497.75,2,2024-03,1443.71,25525.01,2024-06,5129.25,807.07,2024-06,30.37,0.45,7.94,2,2024-03,0.5,31.5,27.71,"NH,"
Emcure Pharmaceuticals Ltd.,EMCURE,Pharmaceuticals & Drugs,23419.83,1,2024-03,2072.49,25259.91,,,,2024-03,145.61,7.92,6.07,2,2024-03,0.71,19.45,19.87,"EMCURE,"
Laurus Labs Ltd.,LAURUSLABS,Pharmaceuticals & Drugs,22623.12,2,2024-03,2507.05,24988.52,2024-06,5053.95,152.02,2024-06,152.64,13.93,5.52,2,2024-03,0.61,4.15,6.64,"LAURUSLABS,"
Alembic Pharmaceuticals Ltd.,APLLTD,Pharmaceuticals & Drugs,21017.51,2,2024-03,430.45,21321.39,2024-06,6304.21,630.39,2024-06,33.36,31.66,4.24,2,2024-03,0.09,13.4,13.42,"APLLTD,"
Aster DM Healthcare Ltd.,ASTERDM,Hospital & Healthcare Services,19478.51,2,2024-03,1905.58,18834.51,2024-06,9002.7,337.96,2024-06,3.7,,4.57,2,2024-03,0.42,4.97,5.76,"ASTERDM,"
Poly Medicure Ltd.,POLYMED,Medical Equipment/Supplies/Accessories,18472.58,2,2024-03,170.22,18495.94,2024-06,1439.74,267.39,2024-06,68.52,3.34,11.97,2,2023-03,0.12,15.42,19.1,"POLYMED,"
Krishna Institute of Medical Sciences Ltd,KIMS,Hospital & Healthcare Services,17782.17,2,2024-03,1046.24,18779.4,2024-06,2580.52,344.81,2024-06,56.28,1.05,9.24,2,2024-03,0.57,19.21,20.26,"KIMS,"
Astrazeneca Pharma India Ltd.,ASTRAZEN,Pharmaceuticals & Drugs,16516.25,1,2024-03,0,16010.41,2024-06,1387.58,95.86,2024-06,172.3,7.96,23.7,1,2024-03,0,24.95,33.94,"ASTRAZEN,"
Granules India Ltd.,GRANULES,Pharmaceuticals & Drugs,16367.16,2,2024-03,1223.23,17204,2024-06,4700.72,492.06,2024-06,33.26,2.92,4.9,2,2024-03,0.38,13.46,15.66,"GRANULES,"
Eris Lifesciences Ltd.,ERIS,Pharmaceuticals & Drugs,16293.62,2,2024-03,2735.27,17628.26,2024-06,2262.24,392.82,2024-06,42.84,7.97,6.09,2,2023-03,0.38,18.25,17.31,"ERIS,"
Concord Biotech Ltd.,CONCORDBIO,Pharmaceuticals & Drugs,16275.67,2,2024-03,6.23,16234.87,2024-06,1037.91,314.5,2024-06,51.97,,10.27,2,2024-03,0,21.88,29.13,"CONCORDBIO,"
Sanofi India Ltd.,SANOFI,Pharmaceuticals & Drugs,15331.37,2,2024-06,,15071.17,2024-06,2604.4,494.4,2024-06,28.96,,22.39,2,2023-12,0,87.18,115.15,"SANOFI,"
Akums Drugs & Pharmaceuticals Ltd.,AKUMS,Pharmaceuticals & Drugs,14753.33,1,2024-03,491.56,14967.83,,,,2023-03,117.62,,5.99,2,2024-03,0.69,0.11,0.43,"AKUMS,"
Neuland Laboratories Ltd.,NEULANDLAB,Pharmaceuticals & Drugs,14711.07,2,2024-03,82.51,14676.78,2024-06,1635.19,336.07,2024-06,43.77,0.56,10.66,2,2024-03,0.06,26.38,33.51,"NEULANDLAB,"
Wockhardt Ltd.,WOCKPHARMA,Pharmaceuticals & Drugs,14326.88,2,2024-03,2112,15909.88,2024-06,2893,-352,2024-06,0,,4.3,2,2024-03,0.63,-14.12,-2.15,"WOCKPHARMA,"
Jubilant Pharmova Ltd.,JUBLPHARMA,Pharmaceuticals & Drugs,13454.48,2,2024-03,3414.1,15911.78,2024-06,6847.7,523,2024-06,24.34,,2.28,2,2024-03,0.63,1.34,5.02,"JUBLPHARMA,"
Indegene Ltd.,INDGN,Pharmaceuticals & Drugs,13159.79,2,2024-03,403.1,13371.89,2024-03,2589.6,336.7,2024-03,39.08,0.3,3.91,2,2023-03,0.38,29.5,35.21,"INDGN,"
Rainbow Children's Medicare Ltd.,RAINBOW,Hospital & Healthcare Services,12215.95,2,2024-03,0,12205.82,2024-06,1339.95,216.52,2024-03,56.29,1.86,9.78,2,2024-03,0,18.91,30.82,"RAINBOW,"
Glenmark Life Sciences Ltd.,GLS,Pharmaceuticals & Drugs,12111.35,1,2024-03,,11809.75,2024-06,2293.38,446.92,2024-06,27.1,0.09,4.96,1,2023-03,0,22.33,30.01,"GLS,"
Caplin Point Laboratories Ltd.,CAPLIPOINT,Pharmaceuticals & Drugs,11944.48,2,2024-03,0.28,11392.02,2024-06,1757.74,481.9,2024-06,25.01,1.19,4.89,2,2023-03,0,23.68,26.85,"CAPLIPOINT,"
Strides Pharma Science Ltd.,STAR,Pharmaceuticals & Drugs,10825.32,2,2024-03,2414.53,13048.68,2024-06,4208.64,83.75,2024-06,0,,4.91,2,2023-03,1.27,-10.15,-0.49,"STAR,"
Metropolis Healthcare Ltd.,METROPOLIS,Hospital & Healthcare Services,10310.58,2,2024-03,0,10239.37,2024-06,1243.97,137.58,2024-06,75.28,60.46,9.15,2,2024-03,0,12.42,18.73,"METROPOLIS,"
Procter & Gamble Health Ltd.,PGHL,Pharmaceuticals & Drugs,8602.71,1,2023-12,,8177.15,2024-03,1168.56,214.02,2024-03,40.2,1.03,10.09,1,2023-06,0,33.94,46.07,"PGHL,"
Vijaya Diagnostic Centre Ltd.,VIJAYA,Hospital & Healthcare Services,8588.46,2,2024-03,,8515.38,2024-06,582.97,124.76,2024-06,69.28,,12.47,2,2023-03,0,16.89,26.53,"VIJAYA,"
Marksans Pharma Ltd.,MARKSANS,Pharmaceuticals & Drugs,8512.68,2,2024-03,29.09,7868.19,2024-03,2177.41,314.9,2024-03,27.14,0.52,4.12,2,2023-03,0.02,18.59,22.89,"MARKSANS,"
Jupiter Life Line Hospitals Ltd.,JLHL,Hospital & Healthcare Services,8343.6,2,2024-03,0,8042.35,2024-06,1113.4,167.22,2024-06,49.9,,6.87,2,2024-03,0,23.02,22.14,"JLHL,"
Blue Jet Healthcare Ltd.,BLUEJET,Pharmaceuticals & Drugs,8049.66,1,2024-03,,7964.96,2024-06,694.96,157.41,2024-06,51.14,,9.12,1,2023-03,0,26.6,36.24,"BLUEJET,"
Medplus Health Services Ltd.,MEDPLUS,Pharmaceuticals & Drugs,7673.13,2,2024-03,,7531.45,2024-06,5829.38,76.15,2024-06,100.9,30.79,4.82,2,2023-03,0,3.5,9.56,"MEDPLUS,"
FDC Ltd.,FDC,Pharmaceuticals & Drugs,7654.52,2,2024-03,0.28,7628.5,2024-06,2044.84,314.28,2024-06,24.35,10.77,3.45,2,2023-03,0,9.84,13.25,"FDC,"
Orchid Pharma Ltd.,ORCHPHARMA,Pharmaceuticals & Drugs,7132.88,2,2024-03,134.48,7000.79,2024-06,880.85,111.99,2024-06,63.95,2.91,5.96,2,2024-03,0.12,10.23,9.35,"ORCHPHARMA,"
Sun Pharma Advanced Research Company Ltd.,SPARC,Pharmaceuticals & Drugs,6993.44,2,2024-03,47,6885.11,2024-06,68.41,-387.76,2024-06,0,,234.24,2,2024-03,0.37,-121.28,-112.35,"SPARC,"
Shilpa Medicare Ltd.,SHILPAMED,Pharmaceuticals & Drugs,6572.04,2,2024-03,935.59,7477.19,2024-06,1183.66,51.47,2024-06,146.83,,2.83,2,2023-03,0.45,-1.71,0.8,"SHILPAMED,"
Kovai Medical Center & Hospital Ltd.,523323,Hospital & Healthcare Services,5450.23,1,2024-03,274.4,5513.57,2024-06,1260.05,194.44,2024-06,28.03,1.15,5.83,1,2024-03,0.31,22.36,23.29,"523323,"
Aarti Pharmalabs Ltd.,AARTIPHARM,Pharmaceuticals & Drugs,5105.42,2,2024-03,264.1,5345.45,2024-06,1949.75,225.26,2024-06,22.66,,2.82,2,2024-03,0.15,13.08,16.75,"AARTIPHARM,"
AMI Organics Ltd.,AMIORG,Pharmaceuticals & Drugs,5044.11,2,2024-03,216.65,5207.45,2024-06,740.43,41.16,2024-06,136.35,3.89,4.24,2,2023-03,0.01,14.92,20.45,"AMIORG,"
Healthcare Global Enterprises Ltd.,HCG,Hospital & Healthcare Services,4946.85,2,2024-03,672.76,5316.54,2024-06,1977.02,51.27,2024-06,94.03,3.82,5.89,2,2023-03,0.47,2.06,11.69,"HCG,"
Advanced Enzyme Technologies Ltd.,ADVENZYMES,Pharmaceuticals & Drugs,4663.06,2,2024-03,25.11,4544.68,2024-06,631.12,142.55,2024-06,33.63,5.63,3.44,2,2024-03,0.02,10.72,14.78,"ADVENZYMES,"
Thyrocare Technologies Ltd.,THYROCARE,Hospital & Healthcare Services,4594.17,2,2024-03,21.6,4575.88,2024-06,593.9,76.28,2024-06,59.17,,8.4,2,2024-03,0.04,13.21,18.75,"THYROCARE,"
Aarti Drugs Ltd.,AARTIDRUGS,Pharmaceuticals & Drugs,4581.58,2,2024-03,562.42,5134.57,2024-06,2422.81,156.89,2024-06,29.21,1.93,3.48,2,2023-03,0.51,14.93,15.49,"AARTIDRUGS,"
Supriya Lifescience Ltd.,SUPRIYA,Pharmaceuticals & Drugs,4175.45,1,2024-03,,4100.49,2024-06,598.98,135.25,2024-06,30.87,0.52,4.86,1,2023-03,0.02,13.66,18.72,"SUPRIYA,"
Unichem Laboratories Ltd.,UNICHEMLAB,Pharmaceuticals & Drugs,4031.79,2,2024-03,219.15,4096.61,2024-06,1728.14,-60.55,2024-06,0,0,1.7,2,2024-03,0.09,-2.95,-1.47,"UNICHEMLAB,"
Hikal Ltd.,HIKAL,Pharmaceuticals & Drugs,3893.22,2,2024-03,814.74,4687.08,2024-06,1803.35,67.78,2024-06,57.44,193.17,3.26,2,2023-03,0.66,7.12,8.47,"HIKAL,"
Gujarat Themis Biosyn Ltd.,506879,Pharmaceuticals & Drugs,3861.73,1,2024-03,0,3853.57,2024-06,159.35,54.68,2024-06,70.63,1.26,17.69,1,2024-03,0,33.76,45.4,"506879,"
Yatharth Hospital & Trauma Care Services Ltd.,YATHARTH,Hospital & Healthcare Services,3783.42,2,2024-03,83.05,3627.84,2024-03,670.33,114.48,2024-03,33.05,,4.33,2,2023-03,1.44,43.87,26.88,"YATHARTH,"
Innova Captab Ltd.,INNOVACAP,Pharmaceuticals & Drugs,3732.5,2,2024-03,241.81,3887.55,2024-06,1142.33,106.23,2024-06,35.14,,4.34,2,2023-03,0.85,28.02,24.34,"INNOVACAP,"
Alembic Ltd.,ALEMBICLTD,Pharmaceuticals & Drugs,3597.51,2,2024-03,9.15,3604.2,2024-06,171.42,100.34,2024-06,12.85,2.71,1.63,2,2024-03,0,4.36,4.86,"ALEMBICLTD,"
Gufic Biosciences Ltd.,GUFICBIO,Pharmaceuticals & Drugs,3564.87,1,2024-03,317.03,3868.43,2024-03,806.67,86.14,2024-03,41.39,1.04,6.69,1,2023-03,0.9,25.84,23.23,"GUFICBIO,"
Sequent Scientific Ltd.,SEQUENT,Pharmaceuticals & Drugs,3429.26,2,2024-03,451.28,3810.71,2024-03,1369.73,-29.61,2024-03,0,,5.22,2,2023-03,0.62,-18.95,-9.71,"SEQUENT,"
RPG Life Sciences Ltd.,RPGLIFE,Pharmaceuticals & Drugs,3393.89,1,2024-03,0,3357.42,2024-06,599.69,92.32,2024-06,36.76,0.71,8.45,1,2024-03,0,25.69,34.96,"RPGLIFE,"
Artemis Medicare Services Ltd.,ARTEMISMED,Hospital & Healthcare Services,3311.4,2,2024-03,253.56,3503.62,2024-06,892.24,55.92,2024-06,59.14,3.09,8.48,2,2024-03,0.68,14.01,16.47,"ARTEMISMED,"
Morepen Laboratories Ltd.,MOREPENLAB,Pharmaceuticals & Drugs,3203.34,2,2024-03,29,3180.22,2024-06,1744.61,118.16,2024-06,27.22,4.95,2.96,2,2023-03,0.03,5.93,8.4,"MOREPENLAB,"
Dishman Carbogen Amcis Ltd.,DCAL,Pharmaceuticals & Drugs,3066.68,2,2024-03,1964.4,4617.73,2024-03,2615.77,-153.45,2024-03,0,,0.54,2,2023-03,0.31,-0.52,0.43,"DCAL,"
Indoco Remedies Ltd.,INDOCO,Pharmaceuticals & Drugs,3020.81,2,2024-03,655.15,3651.63,2024-06,1822.28,74.65,2024-06,39.38,1.4,2.72,2,2023-03,0.31,14.72,17.48,"INDOCO,"
Solara Active Pharma Sciences Ltd.,SOLARA,Pharmaceuticals & Drugs,2956.81,2,2024-03,999.38,3947.59,2024-06,1336.89,-561.31,2024-06,0,,2.16,2,2023-03,0.67,-1.47,1.79,"SOLARA,"
Indraprastha Medical Corporation Ltd.,INDRAMEDCO,Hospital & Healthcare Services,2906.03,1,2024-03,,2681.6,2024-06,1286.05,138.23,2024-06,21.02,0.65,5.56,1,2023-03,0,24.44,34.46,"INDRAMEDCO,"
Shalby Ltd.,SHALBY,Hospital & Healthcare Services,2799.61,2,2024-03,313.95,3086.34,2024-06,977.15,77.42,2024-06,35.64,3.11,2.76,2,2023-03,0.15,7.51,10.72,"SHALBY,"
Novartis India Ltd.,500672,Pharmaceuticals & Drugs,2751.91,1,2024-03,0.02,2155.85,2024-06,336.76,90.67,2024-06,30.35,2.9,3.57,1,2024-03,0,11.21,16.35,"500672,"
Suven Life Sciences Ltd.,SUVEN,Pharmaceuticals & Drugs,2732.46,2,2024-03,0,2568.48,2024-06,8.9,-109.03,2024-06,0,,11.29,2,2024-03,0,-32.56,-32.78,"SUVEN,"
SMS Pharmaceuticals Ltd.,SMSPHARMA,Pharmaceuticals & Drugs,2371.95,2,2024-03,280.18,2615.92,2024-06,738.38,56.76,2024-06,41.64,,4.29,2,2023-03,0.55,0.83,3.79,"SMSPHARMA,"
IOL Chemicals And Pharmaceuticals Ltd.,IOLCP,Pharmaceuticals & Drugs,2274.25,2,2024-03,32.76,2164.12,2024-06,2071.99,118.54,2024-06,19.19,,1.39,2,2024-03,0.02,8.62,12.24,"IOLCP,"
TTK Healthcare Ltd.,TTKHLTCARE,Pharmaceuticals & Drugs,2242.48,1,2024-03,21.47,1489.02,2024-06,758.57,78.75,2024-06,28.48,1.37,2.18,1,2024-03,0.02,6.46,8.72,"TTKHLTCARE,"
Hester Biosciences Ltd.,HESTERBIO,Pharmaceuticals & Drugs,2203.07,2,2024-03,239.04,2426.8,2024-06,298.96,17.84,2024-06,113.82,,7.38,2,2024-03,0.82,7.41,9.59,"HESTERBIO,"
Amrutanjan Health Care Ltd.,AMRUTANJAN,Pharmaceuticals & Drugs,2184.92,1,2024-03,,2184.92,2024-03,421.23,44.97,2024-03,48.58,3.3,7.57,1,2023-03,0,14.37,19.38,"AMRUTANJAN,"
Themis Medicare Ltd.,THEMISMED,Pharmaceuticals & Drugs,2156.04,2,2024-03,95.79,2232.54,2024-06,408.11,30.87,2024-06,43.11,0.99,5.44,2,2024-03,0.25,12.14,13.88,"THEMISMED,"
Krsnaa Diagnostics Ltd.,KRSNAA,Hospital & Healthcare Services,2141.3,2,2024-03,106.72,2194.47,2024-06,650.29,60.12,2024-06,35.62,,2.59,2,2023-03,0.04,8.76,11.75,"KRSNAA,"
Dr Agarwals Eye Hospital Ltd.,526783,Hospital & Healthcare Services,1874.78,1,2024-03,51.3,1892.34,2024-06,339.68,48.93,2024-06,38.32,1.23,10.95,1,2024-03,0.33,34.28,38.59,"526783,"
Zota Health Care Ltd.,ZOTA,Pharmaceuticals & Drugs,1730.97,2,2024-03,14.68,1744.64,2024-03,180.49,-14.35,2024-03,0,,15.62,2,2023-03,0,-6.79,-2.5,"ZOTA,"
Windlas Biotech Ltd.,WINDLAS,Pharmaceuticals & Drugs,1616.95,2,2024-03,0.11,1586.12,2024-03,630.96,58.19,2024-03,27.79,0.91,3.59,2,2023-03,0,10.76,14.39,"WINDLAS,"
GPT Healthcare Ltd.,GPTHEALTH,Hospital & Healthcare Services,1497.09,1,2024-03,12.42,1500.38,2024-03,400.19,47.77,2024-03,31.34,1.2,6.85,1,2024-03,0.06,24.89,32.61,"GPTHEALTH,"
Syncom Formulations (India) Ltd.,SYNCOMF,Pharmaceuticals & Drugs,1482.38,2,2024-03,72.49,1487,2024-06,290.81,28.55,2024-06,51.92,3.13,5.01,2,2023-03,0.32,8.48,9.68,"SYNCOMF,"
NGL Fine-Chem Ltd.,NGLFINE,Pharmaceuticals & Drugs,1473.21,2,2024-03,34,1505.5,2024-06,358.64,42.06,2024-06,35.03,2.28,5.61,2,2024-03,0.13,17.03,20.38,"NGLFINE,"
Kopran Ltd.,KOPRAN,Pharmaceuticals & Drugs,1341.7,2,2024-03,99.23,1426.73,2024-06,637.02,59.28,2024-06,22.63,3.86,2.67,2,2023-03,0.17,6.29,8.3,"KOPRAN,"
Lincoln Pharmaceuticals Ltd.,LINCOLN,Pharmaceuticals & Drugs,1329.47,2,2024-03,1.07,1316.71,2024-06,592.21,97.96,2024-06,13.57,0.85,2.16,2,2023-03,0,15.59,21.82,"LINCOLN,"
KMC Speciality Hospitals (India) Ltd.,524520,Hospital & Healthcare Services,1316.75,1,2024-03,72.4,1366.47,2024-06,189.4,28.95,2024-03,43.35,1.35,9.17,1,2023-03,0.39,26.65,27.32,"524520,"
Beta Drugs Ltd.,BETA,Pharmaceuticals & Drugs,1280.12,1,2024-03,3.62,1283.74,2024-03,197.62,21.94,2024-03,58.35,1.65,11.03,2,2023-03,0.17,28.55,33.94,"BETA,"
Remus Pharmaceuticals Ltd.,REMUS,Pharmaceuticals & Drugs,1251.05,1,2024-03,1.44,1252.49,2024-03,63.5,16.82,2024-03,74.38,,14.47,1,2023-03,0.42,66.14,68.82,"REMUS,"
Bliss GVS Pharma Ltd.,BLISSGVS,Pharmaceuticals & Drugs,1180.34,2,2024-03,87.81,1052.53,2024-06,794.37,89.31,2024-06,14.49,,1.2,2,2024-03,0.09,8.89,12.15,"BLISSGVS,"
Bharat Parenterals Ltd.,541096,Pharmaceuticals & Drugs,1158.32,2,2024-03,157.58,1303.8,2024-06,279.95,-5.33,2024-06,139.89,,4.08,2,2024-03,0.8,5.54,7.76,"541096,"
Vimta Labs Ltd.,VIMTALABS,Hospital & Healthcare Services,1102.43,2,2024-03,19.19,1095.83,2024-06,316.53,41.09,2024-06,26.83,,3.39,2,2024-03,0.06,13.94,17.81,"VIMTALABS,"
Bajaj Healthcare Ltd.,BAJAJHCARE,Pharmaceuticals & Drugs,1085.17,1,2024-03,332.07,1414.31,2024-03,473.42,-14.33,2024-03,0,0,3.9,1,2023-03,1.13,12.36,11.88,"BAJAJHCARE,"
Anuh Pharma Ltd.,506260,Pharmaceuticals & Drugs,1058.37,1,2024-03,2.01,1050.71,2024-06,623.43,57.81,2024-06,18.31,0.88,3.52,1,2024-03,0.01,22.56,29.66,"506260,"
Jagsonpal Pharmaceuticals Ltd.,JAGSNPHARM,Pharmaceuticals & Drugs,970.31,1,2024-03,,822.38,2024-06,209.99,20.31,2024-06,47.77,1.34,5.03,1,2023-03,0,18.89,24.15,"JAGSNPHARM,"
Panacea Biotec Ltd.,PANACEABIO,Pharmaceuticals & Drugs,967.15,2,2024-03,20.99,848.66,2024-03,559.17,-1.5,2024-03,0,,1.15,2,2023-03,0.02,-3.92,1.94,"PANACEABIO,"
Shree Ganesh Remedies Ltd.,540737,Pharmaceuticals & Drugs,919.15,2,2024-03,36.31,939.2,2024-03,125.9,28.11,2024-03,32.7,1.11,7.56,1,2023-03,0.38,22.62,24.67,"540737,"
Ind-Swift Laboratories Ltd.,INDSWFTLAB,Pharmaceuticals & Drugs,916.44,2,2024-03,16.62,933.06,2024-06,1003.73,291.24,2024-06,3.15,0.12,0.98,2,2023-03,1.71,10.61,13.25,"INDSWFTLAB,"
Fermenta Biotech Ltd.,506414,Pharmaceuticals & Drugs,717.23,2,2024-03,132.27,789.67,2024-06,331.35,-32.15,2024-06,0,,2.65,2,2024-03,0.48,-8.3,1.58,"506414,"
Nectar Lifesciences Ltd.,NECLIFE,Pharmaceuticals & Drugs,681.53,2,2024-03,635.54,1317.07,2024-03,1685.63,5,2024-03,136.44,,0.64,2,2023-03,0.71,-2.25,1.97,"NECLIFE,"
Albert David Ltd.,ALBERTDAVD,Pharmaceuticals & Drugs,675.39,1,2024-03,2.72,646.95,2024-06,359.87,70.77,2024-06,9.54,0.41,1.68,1,2024-03,0.01,21.72,27.84,"ALBERTDAVD,"
Sakar Healthcare Ltd.,SAKAR,Pharmaceuticals & Drugs,673.27,2,2024-03,68.84,741.64,2024-03,153.35,11.67,2024-03,57.69,,2.61,2,2023-03,0.69,8.48,8.95,"SAKAR,"
Kaya Ltd.,KAYA,Hospital & Healthcare Services,672.8,2,2024-03,177.78,832.5,2024-06,359.6,-124.03,2024-06,0,,-2.87,2,2024-03,-0.78,0,0,"KAYA,"
Prevest Denpro Ltd.,543363,Medical Equipment/Supplies/Accessories,627.88,1,2024-03,,627.88,2024-06,56.39,15.69,2024-06,40.02,0.82,6.81,1,2023-03,0,24.19,32.25,"543363,"
Balaxi Pharmaceuticals Ltd.,BALAXI,Pharmaceuticals & Drugs,609.33,2,2024-03,17.66,564.7,2024-06,240.96,45.44,2024-06,13.41,0.18,2.89,2,2024-03,0.09,-1.29,2.31,"BALAXI,"
Wanbury Ltd.,WANBURY,Pharmaceuticals & Drugs,601.53,2,2024-03,109.95,705.59,2024-06,560.47,52.3,2024-06,11.5,1.03,28.07,2,2023-03,-1.86,0,29.82,"WANBURY,"
Kwality Pharmaceuticals Ltd.,539997,Pharmaceuticals & Drugs,568.15,2,2024-03,98.12,660.32,2024-06,319.8,26.48,2024-06,21.32,0.42,2.45,2,2023-03,0.45,10.15,12.27,"539997,"
Accent Microcell Ltd.,ACCENTMIC,Pharmaceuticals & Drugs,565.43,1,2024-03,12.79,578.22,2024-03,245.5,30.17,2024-03,18.74,,4.19,1,2023-03,0.52,34.11,29.27,"ACCENTMIC,"
Zim Laboratories Ltd.,ZIMLAB,Pharmaceuticals & Drugs,534.77,2,2024-03,106.21,630.51,2024-06,381.81,17.92,2024-06,29.84,12.6,2.23,2,2024-03,0.44,7.86,10.11,"ZIMLAB,"
Kilitch Drugs (India) Ltd.,KILITCH,Pharmaceuticals & Drugs,530.39,2,2024-03,31.65,542.4,2024-06,151.27,10.63,2024-06,42.15,2.78,3.01,2,2023-03,0.15,5.86,10.26,"KILITCH,"
Venus Remedies Ltd.,VENUSREM,Pharmaceuticals & Drugs,526.33,2,2024-03,41.33,499.56,2024-03,601.45,28.48,2024-03,18.47,0.79,1.08,2,2023-03,0.09,5.9,7.75,"VENUSREM,"
Valiant Laboratories Ltd.,VALIANTLAB,Pharmaceuticals & Drugs,515.75,2,2024-03,76.05,485.59,2024-06,149.53,-4.46,2024-06,0,,2.18,2,2024-03,0.32,0.19,-0.29,"VALIANTLAB,"
Medicamen Biotech Ltd.,MEDICAMEQ,Pharmaceuticals & Drugs,491.8,2,2024-03,30.82,522.62,2024-03,179.31,9.5,2024-03,44.99,,2.54,2,2023-03,0.14,9.06,10.86,"MEDICAMEQ,"
Sudarshan Pharma Industries Ltd.,543828,Pharmaceuticals & Drugs,462.07,1,2024-03,106.89,568.96,2024-03,465.56,11.36,2024-03,40.69,,4.14,2,2023-03,0.34,10.76,15.25,"543828,"
Ambalal Sarabhai Enterprises Ltd.,500009,Pharmaceuticals & Drugs,445.32,2,2024-03,45.09,457.5,2024-06,178.17,13,2024-06,38.29,6.4,3.23,2,2024-03,0.33,4.24,7.15,"500009,"
Nephro Care India Ltd.,NEPHROCARE,Hospital & Healthcare Services,444.64,1,2023-03,2.46,444.79,,,,2023-03,228.91,,7.05,1,2023-03,1.01,132.46,72.09,"NEPHROCARE,"
Lyka Labs Ltd.,LYKALABS,Pharmaceuticals & Drugs,439.34,2,2024-03,56.7,490.09,2024-06,118.43,0.6,2024-06,723.8,81.67,6.98,2,2024-03,0.96,-6.02,3.26,"LYKALABS,"
Kerala Ayurveda Ltd.,530163,Pharmaceuticals & Drugs,408.44,2,2024-03,67.58,476.02,2024-03,103.65,-0.99,2024-03,0,,12.7,2,2023-03,26.74,-14.76,6.26,"530163,"
SMS Lifesciences India Ltd.,SMSLIFE,Pharmaceuticals & Drugs,394.34,2,2024-03,97.71,490.56,2024-06,323.85,17.25,2024-06,22.06,,2.14,2,2023-03,0.58,7.09,9.44,"SMSLIFE,"
Jenburkt Pharmaceuticals Ltd.,524731,Pharmaceuticals & Drugs,393.69,1,2024-03,0,314.5,2024-06,145.33,28.02,2024-06,14.05,2.52,2.58,1,2024-03,0,19.43,26.28,"524731,"
Zenotech Laboratories Ltd.,532039,Pharmaceuticals & Drugs,391.63,1,2024-03,0,371.95,2024-06,41.49,8.14,2024-06,48.09,1.34,4.26,1,2024-03,0,9.6,12.89,"532039,"
Fredun Pharmaceuticals Ltd.,539730,Pharmaceuticals & Drugs,378.16,1,2024-03,105.51,482.32,2024-06,365.84,17.35,2024-06,21.79,0.5,2.96,1,2023-03,0.98,13.86,18.35,"539730,"
Panchsheel Organics Ltd.,531726,Pharmaceuticals & Drugs,358.8,1,2024-03,6.31,343.02,2024-03,105.22,14.11,2024-03,25.44,0.83,2.87,1,2023-03,0.06,20.52,25.61,"531726,"
Gennex Laboratories Ltd.,531739,Pharmaceuticals & Drugs,334.12,2,2024-03,5.72,278.87,2024-03,89.56,13.17,2024-03,25.36,0.51,2.03,2,2023-03,0.22,7.95,10.19,"531739,"
Trident Lifeline Ltd.,543616,Pharmaceuticals & Drugs,322.32,2,2024-03,18.41,340.73,2024-03,44.63,5.94,2024-03,50.81,,6.68,2,2023-03,0.12,24.05,24.32,"543616,"
Medico Remedies Ltd.,MEDICO,Pharmaceuticals & Drugs,312.19,1,2024-03,6.75,318.94,2024-06,144.25,8.55,2024-06,36.52,0.85,5.79,1,2023-03,0.18,18.01,21.88,"MEDICO,"
Sanjivani Paranteral Ltd.,531569,Pharmaceuticals & Drugs,310.34,1,2024-03,0.97,301.74,2024-06,58.27,6.33,2024-06,49.03,3.1,10.48,1,2023-03,-0.81,0,0,"531569,"
Shukra Pharmaceuticals Ltd.,524632,Pharmaceuticals & Drugs,303.67,1,2024-03,3.15,306.82,2024-06,57.59,18.6,2024-03,16.38,0.31,3.36,1,2023-03,0.2,21.16,18.85,"524632,"
Rajnish Wellness Ltd.,541601,Pharmaceuticals & Drugs,300.47,1,2024-03,4.92,305.4,2024-06,83.42,0.65,2024-06,460.85,,3.57,1,2023-03,0.12,0.88,1.08,"541601,"
Natural Capsules Ltd.,524654,Pharmaceuticals & Drugs,294.96,2,2024-03,108.99,390.62,2024-03,155.42,5.56,2024-03,53.11,2.78,1.45,2,2024-03,0.53,3.4,5,"524654,"
Brooks Laboratories Ltd.,BROOKS,Pharmaceuticals & Drugs,271.23,2,2024-03,5.04,275.58,2024-03,79.49,1.53,2024-03,0,,3.59,2,2023-03,0.08,-38.47,-37.84,"BROOKS,"
Nureca Ltd.,NURECA,Medical Equipment/Supplies/Accessories,265.35,2,2024-03,0.48,220.53,2024-06,90.97,0.58,2024-06,461.49,,1.36,2,2024-03,0,-0.92,-1.06,"NURECA,"
Aashka Hospitals Ltd.,543346,Hospital & Healthcare Services,254.83,1,2024-03,20.39,273.23,2024-03,22.87,2.36,2024-03,108.08,9.33,2.65,1,2024-03,0.21,2.48,4.89,"543346,"
Coral Laboratories Ltd.,524506,Pharmaceuticals & Drugs,248.62,1,2024-03,,187.34,2024-03,83.66,15.79,2024-03,15.75,,1.4,1,2023-03,0,4.15,5.41,"524506,"
Denis Chem Lab Ltd.,537536,Pharmaceuticals & Drugs,244.92,1,2024-03,1.05,221.3,2024-03,167.82,11.16,2024-03,21.95,0.74,3.05,1,2023-03,0.03,11.33,16.07,"537536,"
Kimia Biosciences Ltd.,530313,Pharmaceuticals & Drugs,243.66,1,2024-03,43.4,286.53,2024-03,104.88,-5.31,2024-03,0,,1565.35,1,2023-03,9.69,-91.91,-14.3,"530313,"
Yash Optics & Lens Ltd.,YASHOPTICS,Medical Equipment/Supplies/Accessories,224.75,1,2024-03,25.26,250.01,2024-03,41.11,9.02,2024-03,24.91,,2.42,1,2023-03,0.57,53.48,52.69,"YASHOPTICS,"
Lactose (India) Ltd.,524202,Pharmaceuticals & Drugs,211.24,1,2024-03,38.07,247.46,2024-06,115.89,8.1,2024-06,26.07,1.1,4.49,1,2023-03,0.96,3.03,9.35,"524202,"
Vaishali Pharma Ltd.,VAISHALI,Pharmaceuticals & Drugs,208.6,1,2024-03,12.61,219.63,2024-03,86.28,0.72,2024-03,290.13,5.51,4.64,1,2023-03,0.41,22.26,21.92,"VAISHALI,"
Bafna Pharmaceuticals Ltd.,BAFNAPH,Pharmaceuticals & Drugs,203.94,1,2024-03,24.39,228.33,2024-03,152.46,7.35,2024-03,27.75,1.27,2.52,1,2023-03,0.31,16.75,16.12,"BAFNAPH,"
Quest Laboratories Ltd.,QUESTLAB,Pharmaceuticals & Drugs,196.65,1,2024-03,5.08,201.58,2024-03,82.56,10.09,2024-03,19.48,,2.74,1,2024-03,0.18,46.15,57.48,"QUESTLAB,"
Mangalam Drugs And Organics Ltd.,MANGALAM,Pharmaceuticals & Drugs,193.98,1,2024-03,87.95,280.92,2024-03,368.6,-9.05,2024-03,0,,1.36,1,2023-03,0.49,0.84,6.56,"MANGALAM,"
Alpa Laboratories Ltd.,ALPA,Pharmaceuticals & Drugs,193.7,2,2024-03,5.25,197.24,2024-03,108.74,16.88,2024-03,11.55,0.33,1.28,2,2023-03,0.02,9.82,12.19,"ALPA,"
Unihealth Consultancy Ltd.,UNIHEALTH,Hospital & Healthcare Services,193.19,1,2024-03,3.3,196.49,2024-03,4.23,3.03,2024-03,63.68,,3,2,2023-03,1.43,36.19,22.41,"UNIHEALTH,"
BDH Industries Ltd.,524828,Pharmaceuticals & Drugs,183.43,1,2024-03,8.69,166.98,2024-06,83.77,9.82,2024-06,18.68,1.22,2.94,1,2024-03,0.14,17.28,21.03,"524828,"
Syschem (India) Ltd.,531173,Pharmaceuticals & Drugs,178.83,1,2024-03,0.45,179.18,2024-06,285.34,1.22,2024-06,146.34,4.93,3.13,1,2024-03,0.01,6.97,10.74,"531173,"
Tyche Industries Ltd.,532384,Pharmaceuticals & Drugs,177.89,1,2024-03,,98.99,2024-06,67.98,12.25,2024-06,14.52,0.74,1.37,1,2023-03,0,12.83,17.27,"532384,"
Bal Pharma Ltd.,BALPHARMA,Pharmaceuticals & Drugs,177.77,2,2024-03,139.65,304.12,2024-06,343.19,7.61,2024-06,23.49,,2.57,2,2023-03,2.05,4.31,9.56,"BALPHARMA,"
Krebs Biochemicals & Industries Ltd.,KREBSBIO,Pharmaceuticals & Drugs,176.8,1,2024-03,193.43,370.23,2024-06,52.73,-19.57,2024-06,0,,-1.42,1,2023-03,-1.84,0,-28.59,"KREBSBIO,"
Sotac Pharmaceuticals Ltd.,SOTAC,Pharmaceuticals & Drugs,172.16,1,2024-03,11.17,183.32,2024-03,67.1,5.75,2024-03,29.95,,3.57,2,2023-03,2.21,27.53,21.5,"SOTAC,"
Smruthi Organics Ltd.,540686,Pharmaceuticals & Drugs,171.29,1,2024-03,11.7,182.42,2024-06,120,0.38,2024-06,455.57,16.96,2.49,1,2023-03,0.08,6.11,7.39,"540686,"
Hemant Surgical Industries Ltd.,543916,Medical Equipment/Supplies/Accessories,170.33,1,2024-03,6.75,177.08,2024-03,105.61,9.8,2024-03,17.38,0.33,3.52,1,2023-03,0.3,41.64,44.94,"543916,"
Lotus Eye Hospital And Institute Ltd.,LOTUSEYE,Hospital & Healthcare Services,160.96,1,2024-03,0.23,154.15,2024-06,48.53,2.15,2024-06,74.73,2.29,2.71,1,2024-03,0,4.98,7.19,"LOTUSEYE,"
Aarey Drugs & Pharmaceuticals Ltd.,AAREYDRUGS,Pharmaceuticals & Drugs,155.22,1,2024-03,31.35,186.58,2024-03,395.62,5.57,2024-03,33.13,,1.19,1,2023-03,0.33,3.33,6.27,"AAREYDRUGS,"
Pharmaids Pharmaceuticals Ltd.,524572,Pharmaceuticals & Drugs,152.39,2,2024-03,5.35,157.74,2024-03,5.83,-9.8,2024-03,0,,2.14,2,2023-03,0,-49.28,-63.87,"524572,"
Zenith Drugs Ltd.,ZENITHDRUG,Pharmaceuticals & Drugs,138.56,1,2024-03,23.93,162.5,2024-03,131.62,9.54,2024-03,14.53,,8.08,2,2023-03,1.51,35.13,26.57,"ZENITHDRUG,"
Raaj Medisafe India Ltd.,524502,Medical Equipment/Supplies/Accessories,133.45,1,2024-03,25.87,159.27,2024-03,43.25,3.33,2024-03,40.1,1.18,6.4,1,2023-03,2.08,57.21,24.24,"524502,"
Vaidya Sane Ayurved Laboratories Ltd.,MADHAVBAUG,Hospital & Healthcare Services,132.47,1,2024-03,1.68,134.15,2024-03,97.33,1.05,2024-03,126.64,,3.25,2,2023-03,0,11.95,17.96,"MADHAVBAUG,"
Bharat Immunologicals & Biologicals Corporation Ltd.,524663,Pharmaceuticals & Drugs,130.96,1,2023-09,74.36,196.42,2023-03,44.61,-17.06,2023-03,0,,-4.03,1,2023-03,-3.05,0,-25.63,"524663,"
Lasa Supergenerics Ltd.,LASA,Pharmaceuticals & Drugs,130.86,1,2024-03,22.08,151.44,2024-03,104.34,-21.73,2024-03,0,,1.35,1,2023-03,0.18,-27.97,-23.94,"LASA,"
Ind-Swift Ltd.,INDSWFTLTD,Pharmaceuticals & Drugs,129.13,2,2024-03,1014,1143.12,2024-03,502.25,14.23,2024-03,9.07,,-0.19,2,2023-03,-1.41,0,28.45,"INDSWFTLTD,"
Maitreya Medicare Ltd.,MAITREYA,Hospital & Healthcare Services,128.13,2,2024-03,5.7,133.84,2024-03,48.7,2.97,2024-03,43.13,,5.33,2,2023-03,0.41,63.3,34.86,"MAITREYA,"
Oxygenta Pharmaceutical Ltd.,524636,Pharmaceuticals & Drugs,127.78,1,2024-03,57.23,184.91,2024-03,39.67,-3.48,2024-03,0,,-7.28,1,2023-03,-1.47,0,-50.31,"524636,"
Everest Organics Ltd.,524790,Pharmaceuticals & Drugs,123.72,1,2024-03,57.79,180.68,2024-03,197.24,0.14,2024-03,883.71,,2.7,1,2023-03,1.1,-0.39,3.72,"524790,"
Asarfi Hospital Ltd.,543943,Hospital & Healthcare Services,123,1,2024-03,31.91,154.91,2024-03,84.4,4.21,2024-03,29.2,,1.79,1,2023-03,0.41,24.87,26.21,"543943,"
Aayush Wellness Ltd.,539528,Pharmaceuticals & Drugs,117.96,1,2024-03,,117.96,2024-06,11.68,0.74,2024-06,159.18,,24,1,2023-03,0,-7.52,-4.02,"539528,"
Holmarc Opto-Mechatronics Ltd.,HOLMARC,Medical Equipment/Supplies/Accessories,116.58,1,2024-03,0,107.63,2024-03,33.46,3.43,2024-03,33.96,,4.89,1,2024-03,0,19.38,26.03,"HOLMARC,"
Samrat Pharmachem Ltd.,530125,Pharmaceuticals & Drugs,116.16,1,2024-03,8.46,114.89,2024-03,281.6,2.16,2024-03,53.7,1.38,1.79,1,2023-03,0.3,30.25,34.91,"530125,"
Mercury Laboratories Ltd.,538964,Pharmaceuticals & Drugs,115.99,1,2024-03,5.5,113.25,2024-06,73.91,5,2024-06,23.22,1.04,2.27,1,2023-03,0.12,12.98,16.29,"538964,"
Fortis Malar Hospitals Ltd.,523696,Hospital & Healthcare Services,114.1,2,2024-03,0,5.87,2024-06,41.25,48.19,2024-06,2.37,,1.04,2,2024-03,0,52.21,62.56,"523696,"
Constronics Infra Ltd.,523844,Hospital & Healthcare Services,113,1,2024-03,5.53,118.53,2024-03,0.75,0.72,2024-03,157.6,8.07,4.1,1,2023-03,2.96,25.7,9.94,"523844,"
Auro Laboratories Ltd.,530233,Pharmaceuticals & Drugs,111.34,1,2024-03,26.24,135.94,2024-06,49.17,7.78,2024-06,14.32,1.18,2.61,1,2024-03,0.63,20.46,20.37,"530233,"
Parnax Lab Ltd.,506128,Pharmaceuticals & Drugs,110.84,2,2024-03,71.06,180.02,2024-03,188.71,9.62,2024-03,11.53,0.22,1.55,2,2023-03,0.82,15.91,15.2,"506128,"
Source Natural Foods and Herbal Supplements Ltd.,531398,Pharmaceuticals & Drugs,108.4,1,2024-03,0,108.4,2024-03,27.3,1.74,2024-03,62.44,2.9,5.57,1,2023-03,0,12.73,18.71,"531398,"
Biofil Chemicals & Pharmaceuticals Ltd.,BIOFILCHEM,Pharmaceuticals & Drugs,103.24,1,2024-03,0.44,101.4,2024-03,40.04,0.71,2024-03,145.61,41.02,5.67,1,2023-03,0.03,3.28,4.76,"BIOFILCHEM,"
Makers Laboratories Ltd.,506919,Pharmaceuticals & Drugs,94.94,2,2024-03,17.7,110.4,2024-06,108.98,-3.85,2024-06,0,,1.52,2,2024-03,0.28,-7.28,-2.36,"506919,"
Medicamen Organics Ltd.,MEDIORG,Pharmaceuticals & Drugs,86.58,1,2024-03,12.66,98.68,,,,2024-03,36.01,,3.37,1,2024-03,0.83,19.9,16.6,"MEDIORG,"
Vista Pharmaceuticals Ltd.,524711,Pharmaceuticals & Drugs,78.56,1,2024-03,7.97,86.53,2024-03,10.29,-4.51,2024-03,0,,1.54,1,2023-03,0.33,-17.16,-9.85,"524711,"
Godavari Drugs Ltd.,530317,Pharmaceuticals & Drugs,77.83,1,2024-03,57.77,132.97,2024-03,156.71,5.55,2024-03,14.03,0.39,2,1,2024-03,1.48,15.33,12.63,"530317,"
Transgene Biotek Ltd.,526139,Hospital & Healthcare Services,69.94,2,2024-03,14,83.93,2024-06,0.18,-0.32,2024-06,0,0,6.41,2,2023-03,1.15,-41.8,-19.99,"526139,"
Deccan Health Care Ltd.,542248,Pharmaceuticals & Drugs,69.68,2,2024-03,1.9,71.57,2024-06,61.68,1.56,2024-06,44.81,,0.7,2,2023-03,0.02,0.46,0.78,"542248,"
JFL Life Sciences Ltd.,JFLLIFE,Pharmaceuticals & Drugs,65.44,1,2024-03,5.69,71.13,2024-03,46.55,3.31,2024-03,19.77,,2.03,1,2023-03,0.22,12.9,15.44,"JFLLIFE,"
Amkay Products Ltd.,544169,Medical Equipment/Supplies/Accessories,65.29,1,2024-03,5.46,70.75,2024-03,31.07,2.63,2024-03,24.82,,2.47,1,2023-03,0.61,22,24.73,"544169,"
ANG Lifesciences India Ltd.,540694,Pharmaceuticals & Drugs,63.33,2,2024-03,69.25,126.84,2024-03,146.11,-10.14,2024-03,0,,0.83,2,2023-03,0.81,-0.31,9.53,"540694,"
Walpar Nutritions Ltd.,WALPAR,Pharmaceuticals & Drugs,61.04,1,2024-03,8.3,68.83,2024-03,51.31,1.11,2024-03,54.89,,4.58,2,2024-03,0.59,15.05,14.23,"WALPAR,"
Vineet Laboratories Ltd.,VINEETLAB,Pharmaceuticals & Drugs,59.6,1,2024-03,44.3,103.46,2024-03,150.59,1.03,2024-03,58.03,,1.72,1,2023-03,0.92,3.74,8.69,"VINEETLAB,"
Shelter Pharma Ltd.,543963,Pharmaceuticals & Drugs,58.97,1,2024-03,0.58,59.54,2024-03,40.02,6.2,2024-03,9.51,0.06,1.99,1,2023-03,0.13,53.66,67.38,"543963,"
Aatmaj Healthcare Ltd.,AATMAJ,Hospital & Healthcare Services,58.76,1,2024-03,5.48,53.43,2024-03,15.74,0.88,2024-03,66.62,,1.19,1,2024-03,0.11,2.77,6.41,"AATMAJ,"
Sangani Hospitals Ltd.,SANGANI,Hospital & Healthcare Services,57.86,1,2024-03,,57.86,2024-03,12.24,2.7,2024-03,21.46,,1.74,2,2023-03,0.01,12.91,17.42,"SANGANI,"
Sandu Pharmaceuticals Ltd.,524703,Pharmaceuticals & Drugs,56.72,2,2024-03,,55.51,2024-06,66.68,1.52,2024-06,37.34,,1.79,2,2023-03,0,5,7.55,"524703,"
NG Industries Ltd.,530897,Hospital & Healthcare Services,55.62,1,2024-03,1.18,54.43,2024-03,16.88,5.03,2024-03,11.05,0.2,1.54,1,2023-03,0.02,31.91,36.58,"530897,"
Vivo Bio Tech Ltd.,511509,Pharmaceuticals & Drugs,55.4,2,2024-03,73.06,128.46,2024-06,44,2.55,2024-06,21.72,,1.02,2,2023-03,1.21,5.44,11.06,"511509,"
Chandra Bhagat Pharma Ltd.,542934,Pharmaceuticals & Drugs,55.08,1,2024-03,16.43,71.51,2024-03,221.37,1.53,2024-03,36,,1.9,1,2023-03,0.71,3.49,7.3,"542934,"
GKB Ophthalmics Ltd.,533212,Medical Equipment/Supplies/Accessories,53.78,2,2024-03,11.49,47.43,2024-03,88.26,-2.93,2024-03,0,,0.9,2,2024-03,0.19,-4.87,-1.2,"533212,"
Shree Pacetronix Ltd.,527005,Medical Equipment/Supplies/Accessories,51.09,2,2024-03,4.38,54.67,2024-06,21.03,2.87,2024-06,17.83,0.2,3.81,2,2023-03,0.23,40.52,46.13,"527005,"
Choksi Laboratories Ltd.,526546,Hospital & Healthcare Services,49.53,1,2024-03,29.27,78.8,2024-03,36.81,1.11,2024-03,44.62,,2.23,1,2023-03,1.44,16.46,13.9,"526546,"
Tejnaksh Healthcare Ltd.,539428,Hospital & Healthcare Services,47.84,2,2024-03,4.11,47.7,2024-03,12.18,1.76,2024-03,26.94,,2.03,2,2023-03,0.29,8.57,11.36,"539428,"
Veerhealth Care Ltd.,511523,Pharmaceuticals & Drugs,47.76,1,2024-03,,47.76,2024-03,13.64,0.37,2024-03,117.92,1.87,2.19,1,2023-03,0,8.94,6.32,"511523,"
Roopa Industries Ltd.,530991,Pharmaceuticals & Drugs,46.54,1,2024-03,25.85,68.14,2024-03,70.43,1.52,2024-03,30.64,1.52,3.01,1,2023-03,1.35,10.17,12.73,"530991,"
Nidan Laboratories And Healthcare Ltd.,NIDAN,Hospital & Healthcare Services,45.87,1,2024-03,12.43,58.3,2024-03,24.18,-3.23,2024-03,0,,0.66,1,2023-03,0.16,5.23,8.5,"NIDAN,"
Unick Fix-A-Form And Printers Ltd.,541503,Pharmaceuticals & Drugs,43.88,1,2024-03,16.09,59.97,2024-06,56.28,2.34,2024-06,18.77,,1.35,1,2023-03,0.77,7.92,10.39,"541503,"
Cian Healthcare Ltd.,542678,Pharmaceuticals & Drugs,42.34,1,2024-03,41.01,83.35,2024-03,58.75,0.39,2024-03,108.85,,0.82,2,2023-03,1.28,4.06,7.41,"542678,"
KMS Medisurgi Ltd.,540468,Medical Equipment/Supplies/Accessories,41.25,1,2024-03,0.54,41.79,2024-03,13.88,0.45,2023-03,72,1.67,5.71,1,2023-03,0.14,8.25,8.65,"540468,"
Family Care Hospitals Ltd.,516110,Hospital & Healthcare Services,40.73,1,2024-03,3.66,44.39,2024-03,40.01,12.3,2024-03,3.25,0.07,0.7,1,2023-03,0.09,17.51,23.2,"516110,"
Centenial Surgical Suture Ltd.,531380,Medical Equipment/Supplies/Accessories,40.17,1,2024-03,,40.17,2024-06,51.27,1.03,2024-06,38.88,,1.31,1,2023-03,0.32,3.07,8.02,"531380,"
Gujarat Terce Laboratories Ltd.,524314,Pharmaceuticals & Drugs,38.53,1,2024-03,3.87,42.4,2024-06,49.15,1.47,2024-06,26.14,,5.48,1,2023-03,1.06,-21.71,-14.81,"524314,"
Bandaram Pharma Packtech Ltd.,524602,Pharmaceuticals & Drugs,38.03,2,2024-03,12.2,50.23,2024-03,33.92,0.89,2024-03,39.29,,3.1,2,2023-03,4.63,8.4,4.39,"524602,"
Adeshwar Meditex Ltd.,543309,Pharmaceuticals & Drugs,36.37,1,2024-03,13.89,50.26,2024-03,79.85,2.01,2024-03,18.1,,1.11,1,2023-03,0.5,6.49,10.06,"543309,"
Panjon Ltd.,526345,Pharmaceuticals & Drugs,35.23,1,2024-03,1.44,36.67,2024-03,12.55,0.16,2024-03,224.39,4.9,2.37,1,2023-03,0.06,6.2,1.2,"526345,"
Medinova Diagnostic Services Ltd.,526301,Hospital & Healthcare Services,34.94,2,2024-03,5,38.02,2024-06,10.24,2.09,2024-06,16.73,0.48,-13.05,2,2024-03,-1.6,0,233.02,"526301,"
KK Shah Hospitals Ltd.,544013,Hospital & Healthcare Services,34.11,1,2024-03,0,33.31,2024-03,6.88,0.61,2024-03,56.18,,2.42,1,2024-03,0,6.33,7.28,"544013,"
Murae Organisor Ltd.,542724,Pharmaceuticals & Drugs,33.85,1,2024-03,,33.85,2024-03,2.54,0.05,2024-03,638.76,38.18,0.61,1,2023-03,0.47,11.18,11.66,"542724,"
Concord Drugs Ltd.,538965,Pharmaceuticals & Drugs,32.57,2,2024-03,16.59,48.99,2024-06,47.64,0.01,2024-06,0,,0.96,2,2023-03,0.54,3.31,6.32,"538965,"
Global Longlife Hospital and Research Ltd.,543520,Hospital & Healthcare Services,32.16,1,2024-03,12.74,44.9,2024-03,13.52,-2.19,2024-03,0,,1.24,1,2023-03,0.15,4.82,6.69,"543520,"
Aspira Pathlab & Diagnostics Ltd.,540788,Hospital & Healthcare Services,31.91,1,2024-03,1.08,31.6,2024-03,13.21,-2.67,2024-03,0,0,3.17,1,2023-03,0.08,-0.69,2.4,"540788,"
Phaarmasia Ltd.,523620,Pharmaceuticals & Drugs,30.71,1,2024-03,,30.08,2024-06,32.01,0.02,2024-06,0,,2.9,1,2023-03,0,-17.5,-19.24,"523620,"
Sharma East India Hospitals & Medical Research Ltd.,524548,Hospital & Healthcare Services,28.38,1,2024-03,5.04,33.42,2024-03,18.52,0.66,2024-03,42.86,0.96,2.74,1,2023-03,0.79,9.06,12.03,"524548,"
Zenith Health Care Ltd.,530665,Pharmaceuticals & Drugs,28.32,1,2024-03,0,25.77,2024-06,13.11,0.09,2024-06,329.31,39.61,3.78,1,2024-03,0,2.79,3.97,"530665,"
Omkar Pharmachem Ltd.,532167,Pharmaceuticals & Drugs,28.02,1,2024-03,0.3,28.32,2024-06,0.54,0.19,2024-06,146.68,6.48,3.03,1,2023-03,0.07,2.21,3.2,"532167,"
Chennai Meenakshi Multispeciality Hospital Ltd.,523489,Hospital & Healthcare Services,26.93,1,2024-03,11.42,34.56,2024-03,30.9,-0.43,2024-03,0,,-88.47,1,2023-03,87.39,0,21.1,"523489,"
Samsrita Labs Ltd.,539267,Hospital & Healthcare Services,25.38,1,2024-03,2.2,27.59,2024-06,0,-0.25,2024-06,0,0,2.07,2,2023-03,0.17,-5.48,-4.61,"539267,"
Vilin Bio Med Ltd.,VILINBIO,Pharmaceuticals & Drugs,25.11,1,2024-03,6.83,31.94,2024-03,15.81,0.16,2024-03,155.96,,1.11,1,2023-03,0.46,13.78,17.17,"VILINBIO,"
Ishita Drugs & Industries Ltd.,524400,Pharmaceuticals & Drugs,24.1,1,2024-03,,19.29,2024-03,15.19,0.75,2024-03,32.26,1.75,2.43,1,2023-03,0.1,6.5,8.9,"524400,"
Gian Life Care Ltd.,542918,Hospital & Healthcare Services,23.86,2,2024-03,4.88,28.74,2024-03,13.12,4.15,2024-03,5.75,,1.24,1,2022-03,0.14,36.94,53.19,"542918,"
Clinitech Laboratory Ltd.,544220,Hospital & Healthcare Services,21.23,1,2024-03,0.86,21.39,,,,2024-03,57.2,,2.28,1,2024-03,0.24,12.52,15.31,"544220,"
Emmessar Biotech & Nutrition Ltd.,524768,Pharmaceuticals & Drugs,20.79,1,2024-03,0.11,14.71,2024-03,0.55,0.75,2024-03,27.72,,2.81,1,2023-03,0.01,7.85,14.99,"524768,"
Gujarat Inject (Kerala) Ltd.,524238,Pharmaceuticals & Drugs,20.64,1,2024-03,,20.64,2024-06,8.68,0.18,2024-06,117.95,3.41,2.26,1,2023-03,-1.11,0,0,"524238,"
Saroja Pharma Industries India Ltd.,SAROJA,Pharmaceuticals & Drugs,19.04,1,2024-03,5.74,24.77,2024-03,40.86,0.88,2024-03,21.71,,1.34,1,2023-03,2,23.28,22.1,"SAROJA,"
Link Pharma Chem Ltd.,524748,Pharmaceuticals & Drugs,18.88,1,2024-03,9.22,28.01,2024-06,30.87,-0.24,2024-06,0,,1.35,1,2023-03,0.58,4.43,7.38,"524748,"
Kretto Syscon Ltd.,531328,Medical Equipment/Supplies/Accessories,17.72,1,2024-03,1.02,18.69,2024-06,1.03,0.9,2024-06,19.6,2.88,1.02,1,2024-03,0.06,1.53,2.07,"531328,"
Decipher Labs Ltd.,524752,Pharmaceuticals & Drugs,17.07,2,2024-03,,17.07,2024-03,35.88,-1.68,2024-03,0,,0.78,2,2023-03,0.04,-11.32,-12.54,"524752,"
Ortin Global Ltd.,ORTINLAB,Pharmaceuticals & Drugs,16.52,1,2024-03,1.8,15.98,2024-03,2.28,-8.04,2024-03,0,,5.85,1,2023-03,0.59,-0.86,1.66,"ORTINLAB,"
Beryl Drugs Ltd.,524606,Pharmaceuticals & Drugs,14.89,1,2024-03,5.09,19.76,2024-06,25.24,0.61,2024-06,24.56,,1.61,1,2023-03,0.56,10,11.51,"524606,"
Colinz Laboratories Ltd.,531210,Pharmaceuticals & Drugs,14.7,1,2024-03,0.57,8.27,2024-06,6.88,0.5,2024-06,29.52,2.01,1.62,1,2023-03,0.03,5.78,7.86,"531210,"
Norris Medicines Ltd.,524414,Pharmaceuticals & Drugs,13.6,1,2024-03,21.52,35.12,2024-03,5.64,-1.19,2024-03,0,0,-1,1,2023-03,-1.72,0,3.17,"524414,"
Ganga Pharmaceuticals Ltd.,539680,Pharmaceuticals & Drugs,12.28,1,2024-03,1.36,13.64,2024-03,2.74,0.05,2024-03,261.38,,1.88,1,2023-03,0.34,0.72,3.38,"539680,"
Parmax Pharma Ltd.,540359,Pharmaceuticals & Drugs,12.08,1,2024-03,5.91,17.99,2024-03,11.05,-5.75,2024-03,0,,-12.07,1,2023-03,0.98,-2.26,3.93,"540359,"
Unjha Formulations Ltd.,531762,Pharmaceuticals & Drugs,11.96,1,2024-03,0,11.08,2024-06,18.71,0.8,2024-06,15.04,,3.49,1,2024-03,0,10.72,19.53,"531762,"
Soni Medicare Ltd.,539378,Hospital & Healthcare Services,10.66,1,2024-03,9.78,20.43,2024-03,28.52,-1.68,2024-03,0,,6.6,1,2023-03,2.64,-18.52,0.84,"539378,"
Bacil Pharma Ltd.,524516,Pharmaceuticals & Drugs,10.35,1,2024-03,0.1,10.45,2024-03,0,-0.06,2024-03,0,,25.8,1,2023-03,0.02,-19.41,-8.44,"524516,"
Parenteral Drugs (India) Ltd.,PDPL,Pharmaceuticals & Drugs,10.11,1,2022-03,106.23,116.34,2022-03,8.57,-76.36,2022-03,0,,-0.01,1,2021-03,-0.84,0,0,"PDPL,"
Dr Lalchandani Labs Ltd.,541299,Hospital & Healthcare Services,9.97,1,2024-03,3.48,13.45,2024-03,4.81,0.62,2024-03,16.15,,1.12,1,2023-03,0.72,-16.23,-3.69,"541299,"
Dhanvantri Jeevan Rekha Ltd.,531043,Hospital & Healthcare Services,9.75,1,2024-03,,9.75,2024-06,21.19,0.28,2024-06,34.81,,1.02,1,2023-03,0,-2.31,-1.46,"531043,"
Chemo-Pharma Laboratories Ltd.,506365,Pharmaceuticals & Drugs,9.66,1,2024-03,,3.56,2024-06,0,1.07,2024-06,9,,0.74,1,2023-03,0,0.41,0.74,"506365,"
Kobo Biotech Ltd.,531541,Pharmaceuticals & Drugs,9.01,1,2024-03,139.69,148.52,2024-03,0,-4.93,2024-03,0,0,-0.07,1,2023-03,-1.09,0,-36.84,"531541,"
Kabra Drugs Ltd.,524322,Pharmaceuticals & Drugs,8.78,1,2024-03,1.71,7.82,2024-03,0,-0.74,2024-03,0,0,2.08,1,2023-03,-1.89,0,-52.6,"524322,"
Adline Chem Lab Ltd.,524604,Pharmaceuticals & Drugs,8.18,1,2024-03,1.48,9.66,2024-06,0,-0.16,2024-06,0,0,-4.51,1,2023-03,-0.85,-783.45,-226.98,"524604,"
Hindustan Bio Sciences Ltd.,532041,Pharmaceuticals & Drugs,7.67,1,2024-03,2.56,10.22,2024-06,1.44,0.26,2024-06,29.72,2.03,8.69,1,2023-03,3.29,-5.28,-1.1,"532041,"
Transpact Enterprises Ltd.,542765,Medical Equipment/Supplies/Accessories,7.57,1,2024-03,0.05,7.63,2024-03,0,-0.09,2024-03,0,0,14.2,1,2023-03,0.52,-11.64,-7.88,"542765,"
MPS Pharmaa Ltd.,531686,Pharmaceuticals & Drugs,7.34,1,2024-03,7.27,14.61,2024-03,0,-0.83,2024-03,0,,3.75,1,2023-03,2.42,-31.75,-11.15,"531686,"
iStreet Network Ltd.,524622,Pharmaceuticals & Drugs,7.24,1,2024-03,1.8,9.04,2024-03,0,-0.13,2024-03,0,0,-2.94,1,2023-03,-0.77,0,-62.41,"524622,"
Looks Health Services Ltd.,534422,Hospital & Healthcare Services,5.59,1,2024-03,,5.59,2024-06,0,-0.07,2024-06,0,,0.38,1,2023-03,0,-1.07,-0.69,"534422,"
Fabino Enterprises Ltd.,543444,Pharmaceuticals & Drugs,5.49,1,2024-03,0.83,6.32,2024-03,6.08,0.05,2024-03,116.8,,1.33,1,2023-03,0.1,0.26,0.58,"543444,"
Brawn Biotech Ltd.,530207,Pharmaceuticals & Drugs,5.34,1,2024-03,,5.34,2024-03,16.49,-1.54,2024-03,0,,1.05,1,2023-03,0,-12.83,-5.94,"530207,"
Desh Rakshak Aushdhalaya Ltd.,531521,Pharmaceuticals & Drugs,4.53,1,2024-03,2.78,7.31,2024-06,5.98,0.48,2024-03,10.6,1.42,0.51,1,2023-03,0.46,4.54,6.7,"531521,"
Shamrock Industrial Company Ltd.,531240,Pharmaceuticals & Drugs,4.12,1,2024-03,,4.12,2024-06,0.11,-0.04,2024-06,0,,2.46,1,2023-03,0,-7,-6.96,"531240,"
Hemo Organic Ltd.,524590,Pharmaceuticals & Drugs,3.9,1,2024-03,1.24,5.14,2024-03,0.02,-0.26,2024-03,0,0,-12.37,1,2023-03,-0.69,0,-486.91,"524590,"
Dolphin Medical Services Ltd.,526504,Hospital & Healthcare Services,3.11,1,2024-03,0.8,3.9,2024-03,0.68,-0.1,2024-03,0,0,0.31,1,2023-03,0.07,-1.22,-0.98,"526504,"
Raymed Labs Ltd.,531207,Pharmaceuticals & Drugs,1.07,1,2024-03,,1.07,2024-06,0,-0.11,2024-03,0,,-0.44,1,2023-03,0,0,0,"531207,"
