Sector: Information Technology,
Date: 13-Aug-2024,
Note:- Statement: 1 = Standalone and 2 = Consolidated,
Generated by and for: sangram.dash.mobile@gmail.com,

Stock Name,Symbol,Industry,Market Cap(Rs. Cr.),TTM Statement,Period Ending,Total Debt(Rs. Cr.),Enterprise Value(Rs. Cr.),TTM Ending (Results),Net Sales (Rs. Cr.),Profit After Tax (Rs. Cr.),TTM Ending (Valuation),Price Earning Ratio(TTM),"PEG Ratio ",Price To Book Value(TTM),Statement,Year Ending,Debt Equity Ratio,Return On Equity(%),Return On Capital Employed(%),Symbol with Comma for External Upload
Tata Consultancy Services Ltd.,TCS,IT - Software,1517787.71,2,2024-03,0,1504501.71,2024-06,244125,47084,2024-06,32.38,3.91,14.83,2,2024-03,0,51.04,69.5,"TCS,"
Infosys Ltd.,INFY,IT - Software,746052.01,2,2024-03,0,731266.01,2024-06,155053,26677,2024-06,27.99,2.49,7.97,2,2024-03,0,32.46,44.59,"INFY,"
HCL Technologies Ltd.,HCLTECH,IT - Software,432191.87,2,2024-03,2327,414368.87,2024-06,111674,16438,2024-06,26.31,2.87,6.01,2,2024-03,0.03,23.69,31.13,"HCLTECH,"
Wipro Ltd.,WIPRO,IT - Software,256519.88,2,2024-03,14146.6,260971.18,2024-06,88893.1,11290.8,2024-06,22.95,5.5,3.33,2,2024-03,0.19,14.72,17.62,"WIPRO,"
Zomato Ltd.,ZOMATO,e-Commerce,226855.61,2,2024-03,0,226124.61,2024-06,13904,602,2024-06,376.84,22.59,11.34,2,2024-03,0,1.85,1.82,"ZOMATO,"
LTIMindtree Ltd.,LTIM,IT - Software,159561.78,2,2024-03,40.7,156786.48,2024-06,35957.5,4567.4,2024-06,34.96,1.41,7.67,2,2024-03,0,25.63,34.1,"LTIM,"
Tech Mahindra Ltd.,TECHM,IT - Software,146982.2,2,2024-03,1531,143777.7,2024-06,51842,2552.7,2024-06,58.4,,5.39,2,2024-03,0.06,8.89,12.02,"TECHM,"
Oracle Financial Services Software Ltd.,OFSS,IT - Software,93026.28,2,2024-03,0,87488.09,2024-06,6651.94,2335.08,2024-06,39.84,4.03,11.15,2,2024-03,0,29.53,39.83,"OFSS,"
Info Edge (India) Ltd.,NAUKRI,BPO/ITeS,91680.29,2,2024-03,2.58,90489.9,2024-06,2587.1,828.88,2024-06,141.15,1.15,3.02,2,2024-03,0,2.75,4.18,"NAUKRI,"
Persistent Systems Ltd.,PERSISTENT,IT - Software,72582.97,2,2024-03,207.32,71767.4,2024-06,10237.58,1171.14,2024-06,61.98,2.43,14.44,2,2024-03,0.04,25.86,31.26,"PERSISTENT,"
PB Fintech Ltd.,POLICYBZR,Fintech,67538.67,2,2024-03,,66803.7,2024-06,3782.58,138.32,2024-06,487.39,,11.38,2,2023-03,0,-10.15,-8.57,"POLICYBZR,"
FSN E-Commerce Ventures Ltd.,NYKAA,e-Commerce,53314.84,2,2024-03,680.39,53755.38,2024-06,6709.91,51.5,2024-06,0,,42.23,2,2023-03,0.34,1.85,6.49,"NYKAA,"
L&T Technology Services Ltd.,LTTS,IT - Software,51057.35,2,2024-03,0,49666.85,2024-06,9807.7,1308,2024-06,39.09,3.48,9.21,2,2024-03,0,27.29,38,"LTTS,"
Mphasis Ltd.,MPHASIS,IT - Software,50959.79,2,2024-03,1543.57,51688.99,2024-06,13448.97,1563.28,2024-06,32.6,4.24,5.7,2,2024-03,0.18,19.11,24.14,"MPHASIS,"
KPIT Technologies Ltd.,KPITTECH,IT - Software,47925.82,2,2024-03,44.74,47200.02,2024-06,5138.55,669.43,2024-06,72.1,1.55,20.63,2,2024-03,0.02,32.01,43.96,"KPITTECH,"
Tata Elxsi Ltd.,TATAELXSI,IT - Software,42277.61,1,2024-03,0,40920.51,2024-06,3628.33,787.46,2024-06,53.69,2.41,15.81,1,2024-03,0,34.62,46.6,"TATAELXSI,"
Tata Technologies Ltd.,TATATECH,IT - Software,40347.79,2,2024-03,0,39434.4,2024-03,5117.2,679.37,2024-03,59.39,4.36,11.95,2,2024-03,0,21.9,30.63,"TATATECH,"
Coforge Ltd.,COFORGE,IT - Software,38991.18,2,2024-03,436.6,39092.58,2024-06,9358.8,799.2,2024-06,50.25,3.44,6.54,2,2024-03,0.12,25.4,31.28,"COFORGE,"
One97 Communications Ltd.,PAYTM,Fintech,32185.92,2,2024-03,,26939.72,2024-06,9137.8,-1656,2024-06,0,,2.58,2,2023-03,0,-14.95,-12.66,"PAYTM,"
Affle (India) Ltd.,AFFLE,BPO/ITeS,21381.61,2,2024-03,177.74,20322.8,2024-06,1955.73,317.68,2024-06,67.31,,8.27,2,2023-03,0.07,18.67,20.24,"AFFLE,"
Firstsource Solutions Ltd.,FSL,BPO/ITeS,19556.47,2,2024-03,812.31,20180.32,2024-06,6598.13,523.99,2024-06,37.32,5.85,5.14,2,2024-03,0.22,14.8,16.84,"FSL,"
Cyient Ltd.,CYIENT,IT - Software,18520.67,2,2024-03,452.6,17989.77,2024-06,7136.4,681.3,2024-06,28.12,3.04,4.26,2,2024-03,0.11,18.45,22.71,"CYIENT,"
Zensar Technologies Ltd.,ZENSARTECH,IT - Software,16942.56,2,2024-03,0,16218.46,2024-06,4962.7,666.8,2024-06,25.41,1.57,4.6,2,2024-03,0,20.52,27.43,"ZENSARTECH,"
Sonata Software Ltd.,SONATSOFTW,IT - Software,16354.38,2,2024-03,674.3,16163.71,2024-06,9124.96,294,2024-06,55.63,3.86,10.91,2,2024-03,0.48,22.99,28.2,"SONATSOFTW,"
Indiamart Intermesh Ltd.,INDIAMART,e-Commerce,16182.97,2,2024-03,0,16081.77,2024-06,1246,405.9,2024-06,44.35,0.59,8.87,2,2024-03,0,17.9,24.42,"INDIAMART,"
Birlasoft Ltd.,BSOFT,IT - Software,15605.47,2,2024-03,0,15180.53,2024-06,5342.8,636.43,2024-06,24.52,1.36,5.03,2,2024-03,0,23.27,31.12,"BSOFT,"
Newgen Software Technologies Ltd.,NEWGEN,IT - Software,14503.37,2,2024-03,2.2,14129.62,2024-06,1306.88,268.97,2024-06,53.92,2.73,11.82,2,2024-03,0,23.51,27.88,"NEWGEN,"
Zen Technologies Ltd.,ZENTEC,IT - Software,13880.75,2,2024-03,0.61,13723.19,2024-06,562.02,160.55,2024-06,88.07,2.12,26.28,2,2023-03,0.02,16.83,24.51,"ZENTEC,"
Intellect Design Arena Ltd.,INTELLECT,IT - Software,12996.97,2,2024-03,0.01,12792.66,2024-06,2473.4,304.16,2024-06,43.01,2.19,5.47,2,2024-03,0,15.21,20.76,"INTELLECT,"
Tanla Platforms Ltd.,TANLA,IT - Software,12127.61,2,2024-03,0,11460.52,2024-06,4018.88,554.13,2024-06,21.89,0.28,5.9,2,2024-03,0,32.2,40.02,"TANLA,"
CE Info Systems Ltd.,MAPMYINDIA,IT - Software,11887.19,2,2024-03,18.4,11792.3,2024-06,391.49,140.25,2024-06,86.42,2.71,17.49,2,2024-03,0.03,23,28.78,"MAPMYINDIA,"
eClerx Services Ltd.,ECLERX,BPO/ITeS,11839.45,2,2024-03,,11147.35,2024-03,2925.54,511.73,2024-03,23.15,1.82,6.33,2,2023-03,0,30.04,41.12,"ECLERX,"
Happiest Minds Technologies Ltd.,HAPPSTMNDS,IT - Software,11491.42,2,2024-03,442.37,10597.26,2024-06,1697.61,241.09,2024-06,47.66,1.04,7.77,2,2024-03,0.3,21.46,23.35,"HAPPSTMNDS,"
Just Dial Ltd.,JUSTDIAL,BPO/ITeS,10643.64,2,2024-03,0,10625.95,2024-03,1042.91,362.93,2024-03,29.33,2.46,2.65,2,2024-03,0,9.47,12.37,"JUSTDIAL,"
Quess Corp Ltd.,QUESS,BPO/ITeS,10230.65,2,2024-03,369.54,10054.92,2024-06,19503.03,344.19,2024-06,30.63,,3.51,2,2023-03,0.21,9.1,12.87,"QUESS,"
Route Mobile Ltd.,ROUTE,IT - Software,9572.11,2,2024-03,345.3,9160.8,2024-06,4159.37,378.31,2024-06,26.5,0.59,4.35,2,2024-03,0.16,19.9,21.94,"ROUTE,"
Aurionpro Solutions Ltd.,AURIONPRO,IT - Software,9291.61,2,2024-03,69.19,9092.09,2024-06,950.4,155.94,2024-06,60.89,31.94,6.73,2,2023-03,0.15,22.78,25.93,"AURIONPRO,"
CMS Info Systems Ltd.,CMSINFO,BPO/ITeS,9056.09,2,2024-03,0,8789.08,2024-06,2352.55,353.64,2024-06,25.61,0.87,4.56,2,2024-03,0,20.3,27.54,"CMSINFO,"
RateGain Travel Technologies Ltd.,RATEGAIN,IT - Software,8642.11,2,2024-03,,8250.88,2024-06,1002.57,165.86,2024-06,52.11,,5.78,2,2023-03,0,10.54,10.65,"RATEGAIN,"
Infibeam Avenues Ltd.,INFIBEAM,Fintech,8624.21,2,2024-03,71.72,7987.89,2024-06,3181.49,197.33,2024-06,42.67,2.91,2.51,2,2024-03,0.02,4.86,6.29,"INFIBEAM,"
Mastek Ltd.,MASTEK,IT - Software,8448.69,2,2024-03,486.55,8552.63,2024-06,3142.43,308.94,2024-06,28,0.91,3.89,2,2023-03,0.22,22.87,27.27,"MASTEK,"
Protean e-Gov Technologies Ltd.,544021,BPO/ITeS,7452.15,2,2024-03,,7301.39,2024-06,858.17,88.39,2024-06,84.31,,7.87,2,2023-03,0,13.05,17.18,"544021,"
Magellanic Cloud Ltd.,538891,IT - Software,7354.61,2,2024-03,255.17,7593.1,2024-03,560.43,102.95,2024-03,71.53,1.06,18.09,2,2024-03,0.63,29.27,28.25,"538891,"
Nazara Technologies Ltd.,NAZARA,IT - Software,7191.85,2,2024-03,9.28,5991.42,2024-03,1138.28,91.46,2024-03,127.13,271.7,3.6,2,2023-03,0.03,5.94,8.7,"NAZARA,"
"NIIT Learning Systems Ltd. ",NIITMTS,IT - Software,6134.78,2,2024-03,93.01,5943.38,2024-06,1578.39,218.09,2024-06,28.13,,5.91,2,2023-03,0.16,30.27,34.06,"NIITMTS,"
eMudhra Ltd.,EMUDHRA,BPO/ITeS,6132.62,2,2024-03,7.47,5894.66,2024-06,385.81,78.18,2024-06,79.3,2.54,9.16,2,2024-03,0.01,14.7,17.86,"EMUDHRA,"
MSTC Ltd.,MSTCLTD,e-Commerce,6000.19,2,2024-03,145,4996.89,2024-03,750.82,211.24,2024-03,29.36,1.14,6.75,2,2023-03,0.18,33.59,37.96,"MSTCLTD,"
Network People Services Technologies Ltd.,NPST,IT - Software,5502.81,2,2024-03,0.14,5439.62,2024-03,127.55,26.72,2024-03,205.96,2.52,77.53,2,2024-03,0,63.63,81.82,"NPST,"
R Systems International Ltd.,RSYSTEMS,IT - Software,5501.7,2,2024-06,2.66,5332.43,2024-06,1722.35,142.72,2024-06,38.69,1.73,9.12,2,2023-12,0.09,24.22,34.35,"RSYSTEMS,"
Blue Cloud Softech Solutions Ltd.,539607,IT - Software,5007.42,1,2024-03,,5007.42,2024-06,276.36,12.66,2024-06,395.53,6.01,67.8,1,2023-03,0.02,5.68,7.42,"539607,"
Moschip Technologies Ltd.,532407,IT - Software,4565.64,2,2024-03,45.09,4588.22,2024-06,317.26,10.66,2024-06,428.22,21.4,16.68,2,2023-03,0.4,7.79,10.1,"532407,"
Zaggle Prepaid Ocean Services Ltd.,ZAGGLE,Fintech,4313.31,2,2024-03,73.6,4107.6,2024-06,909.32,58.68,2024-06,73.48,,7.28,2,2023-03,3.53,66.69,25.36,"ZAGGLE,"
CarTrade Tech Ltd.,CARTRADE,e-Commerce,3948.37,2,2024-03,,3848.92,2024-06,739.38,80.89,2024-06,125.41,2.75,1.88,2,2023-03,0,2.26,3.44,"CARTRADE,"
Cigniti Technologies Ltd.,CIGNITITEC,IT - Software,3703.94,2,2024-03,34.93,3578.41,2024-06,1843.98,131.55,2024-06,28.16,0.72,4.95,2,2023-03,0.05,32.25,40.13,"CIGNITITEC,"
Hinduja Global Solutions Ltd.,HGS,BPO/ITeS,3378.07,2,2024-03,1305.91,3802.52,2024-03,4615.72,131.16,2024-03,25.36,3.59,0.45,2,2023-03,0.07,3.47,3.6,"HGS,"
Datamatics Global Services Ltd.,DATAMATICS,IT - Software,3354.17,2,2024-03,0,3222.92,2024-06,1552.79,186.27,2024-06,17.98,0.83,2.65,2,2024-03,0,17.37,22.34,"DATAMATICS,"
Quick Heal Technologies Ltd.,QUICKHEAL,IT - Software,3099.54,2,2024-03,,3061.78,2024-06,310.6,41.03,2024-06,75.54,,7.02,2,2023-03,0,1.24,1.53,"QUICKHEAL,"
Nucleus Software Exports Ltd.,NUCLEUS,IT - Software,3091.38,2,2024-03,0,3017.44,2024-06,815.03,168.24,2024-06,18.37,0.88,3.83,2,2024-03,0,27.61,36.99,"NUCLEUS,"
Saksoft Ltd.,SAKSOFT,IT - Software,2984.73,2,2024-03,8.35,2800.56,2024-06,779.16,96.61,2024-06,30.9,1.44,5.67,2,2024-03,0.02,21.35,28.69,"SAKSOFT,"
Genesys International Corporation Ltd.,GENESYS,IT - Software,2692.94,2,2024-03,51.87,2668.43,2024-03,198.24,21.61,2024-03,122,,5.5,2,2023-03,0.08,5.11,8.43,"GENESYS,"
Accelya Solutions India Ltd.,ACCELYA,IT - Software,2625.6,2,2024-06,,2519.57,2024-06,511.14,93.85,2024-06,27.98,5.34,9.28,2,2023-06,0,47.58,64.76,"ACCELYA,"
RPSG Ventures Ltd.,RPSGVENT,IT - Software,2488.43,2,2024-03,3268.07,5067.38,2024-06,8171.19,104.24,2024-06,0,,0.85,2,2024-03,1.24,7.86,18.28,"RPSGVENT,"
Kody Technolab Ltd.,KODYTECH,IT - Software,2390.17,1,2024-03,1,2391.16,2024-03,22.46,4.89,2024-03,488.99,,64.41,1,2023-03,1.59,176.56,72.76,"KODYTECH,"
Sasken Technologies Ltd.,SASKEN,IT - Software,2360.82,2,2024-03,0,2305.66,2024-06,431.3,70.73,2024-06,33.17,,3.03,2,2024-03,0,10.69,12.65,"SASKEN,"
Vakrangee Ltd.,VAKRANGEE,BPO/ITeS,2332.44,2,2024-03,12.06,2295.82,2024-06,215.69,6.09,2024-06,382.68,,11.54,2,2023-03,0.48,0.81,2.49,"VAKRANGEE,"
TechNVision Ventures Ltd.,501421,IT - Software,2296.65,2,2023-09,,2296.65,2024-03,192.77,13.53,2024-03,169.71,10.91,334.11,2,2023-03,1.49,0,25.88,"501421,"
Axiscades Technologies Ltd.,AXISCADES,IT - Software,2175.01,2,2024-03,238.46,2260.62,2024-06,964,44.48,2024-06,49.13,0.71,3.61,2,2023-03,0.97,-1.48,11.21,"AXISCADES,"
Unicommerce eSolutions Ltd.,UNIECOM,IT - Software,2151.63,1,2023-03,0,2124.82,,,,2023-03,332.22,,6.68,1,2023-03,0,18.63,19.04,"UNIECOM,"
Expleo Solutions Ltd.,EXPLEOSOL,IT - Software,1941.21,2,2024-03,0,1757.14,2024-06,991.92,94.15,2024-06,20.62,1.03,3.06,2,2024-03,0,15.85,21.4,"EXPLEOSOL,"
D-Link (India) Ltd.,DLINKINDIA,IT - Networking,1850.69,2,2024-03,0,1788.24,2024-06,1281.86,95.28,2024-06,19.42,0.81,4.03,2,2024-03,0,22.77,30.77,"DLINKINDIA,"
Dynacons Systems & Solutions Ltd.,DSSL,IT - Software,1821.6,2,2024-03,33.19,1766.7,2024-06,1049.84,57.42,2024-06,31.71,0.43,11.56,2,2023-03,0.63,39.18,37.08,"DSSL,"
KKRRAFTON Developers Ltd.,521238,IT - Software,1725.46,1,2024-06,3.71,1729.16,2024-06,79.81,5.71,2024-06,301.97,,17.08,1,2023-03,7.87,0.4,0.06,"521238,"
Subex Ltd.,SUBEXLTD,IT - Software,1682.07,2,2024-03,0,1583.85,2024-06,310.59,-183.66,2024-06,0,,5.28,2,2024-03,0,-45.25,-40.33,"SUBEXLTD,"
ASM Technologies Ltd.,526433,IT - Software,1663.64,2,2024-03,68.99,1659.63,2024-06,203.32,-3.83,2024-06,0,,14.96,2,2024-03,0.64,-7.94,-0.4,"526433,"
NIIT Ltd.,NIITLTD,IT - Education,1540.51,2,2024-03,,1440.82,2024-06,323.4,45.62,2024-06,35.06,,1.48,2,2023-03,0,0.9,1.37,"NIITLTD,"
63 Moons Technologies Ltd.,63MOONS,IT - Software,1523.59,2,2024-03,,240.76,2024-06,395.77,161.86,2024-06,8.73,,0.46,2,2023-03,0,-0.7,0.65,"63MOONS,"
Allsec Technologies Ltd.,ALLSEC,BPO/ITeS,1503.57,2,2024-03,0,1421.57,2024-06,491.18,80.18,2024-06,18.75,1.05,5.42,2,2024-03,0,26.94,37.53,"ALLSEC,"
Brightcom Group Ltd.,BCG,IT - Software,1477.56,1,2023-09,109.48,1586.28,2023-09,490.02,18.12,2023-09,81.52,3.85,0.93,1,2022-03,0.06,0.15,0.34,"BCG,"
Kellton Tech Solutions Ltd.,KELLTONTEC,IT - Software,1432.42,2,2024-03,129.06,1561.48,2024-06,995.8,68.54,2024-06,20.9,,3.09,2,2023-03,0.4,-29.91,-18.43,"KELLTONTEC,"
Ramco Systems Ltd.,RAMCOSYS,IT - Software,1427.3,2,2024-03,0,1398.89,2024-06,523.27,-214.48,2024-06,0,,5.19,2,2024-03,0,-65.44,-53.46,"RAMCOSYS,"
One Point One Solutions Ltd.,ONEPOINT,BPO/ITeS,1426.57,2,2024-03,27.61,1436.07,2024-03,169.76,22.88,2024-03,66.72,,10.14,2,2023-03,0.33,17.26,26.71,"ONEPOINT,"
Aurum Proptech Ltd.,AURUM,IT - Software,1355.4,2,2024-03,193.9,1526.36,2024-06,234.78,-60.56,2024-06,0,,7.29,2,2023-03,0.03,-20.87,-21.39,"AURUM,"
Matrimony.Com Ltd.,MATRIMONY,BPO/ITeS,1340.52,2,2024-03,0,1117.7,2024-06,478.67,49.29,2024-06,27.17,8.65,4.42,2,2024-03,0,18.35,25.67,"MATRIMONY,"
Alphalogic Techsys Ltd.,542770,BPO/ITeS,1323.29,2,2024-03,4.93,1328.2,2024-03,53.92,5.29,2024-03,319.44,,28.47,2,2024-03,0.13,16.18,19.31,"542770,"
Xchanging Solutions Ltd.,XCHANGING,IT - Software,1321.25,2,2024-03,104.26,1117.48,2024-06,174.26,33.3,2024-06,39.68,,3.62,2,2024-03,0.29,2.66,12,"XCHANGING,"
Trident Techlabs Ltd.,TECHLABS,IT - Software,1315.09,1,2024-03,19.28,1334.37,2024-03,72.62,9.37,2024-03,140.4,,29.05,1,2023-03,1.19,33.02,23.56,"TECHLABS,"
Aptech Ltd.,APTECHT,IT - Education,1249.77,2,2024-03,,1224.57,2024-06,418.73,25.98,2024-06,48.1,1.53,4.72,2,2023-03,0,29.32,35.63,"APTECHT,"
KSolves India Ltd.,KSOLVES,IT - Software,1224.61,2,2024-03,,1216.69,2024-06,116.42,35.52,2024-06,34.47,,37.35,2,2023-03,0,126.58,168.86,"KSOLVES,"
Veefin Solutions Ltd.,543931,IT - Software,1140.96,1,2024-03,6.38,1147.33,2024-03,20.76,5.64,2024-03,202.37,,9.37,2,2023-03,0.02,16.76,18.57,"543931,"
Allied Digital Services Ltd.,ADSL,IT - Software,1136.36,2,2024-03,59.64,1058.11,2024-06,697.2,47.68,2024-06,23.83,0.59,1.96,2,2024-03,0.1,8.38,11.13,"ADSL,"
Ceinsys Tech Ltd.,538734,IT - Software,1130.11,2,2024-03,4.65,1105.63,2024-06,272.96,25.41,2024-06,29.33,0.46,4.83,2,2023-03,0.29,17.59,16.23,"538734,"
Sahana System Ltd.,SAHANA,IT - Software,1122.6,1,2024-03,12.64,1135.25,2024-03,53.68,15.04,2024-03,74.66,,17.74,1,2023-03,0.44,83.52,75.39,"SAHANA,"
Innovana Thinklabs Ltd.,INNOVANA,IT - Software,1063.95,2,2024-03,7.53,1065.77,2024-03,100.8,41.43,2024-03,25.79,0.93,6.97,2,2023-03,0.01,27.77,33.64,"INNOVANA,"
Infobeans Technologies Ltd.,INFOBEAN,IT - Software,997.78,2,2024-03,0,960.4,2024-06,373.88,26.76,2024-06,37.29,10.52,3.36,2,2024-03,0,8.07,12.93,"INFOBEAN,"
Mindteck (India) Ltd.,MINDTECK,IT - Software,993.64,2,2024-03,0,868.68,2024-06,400.27,27.46,2024-06,36.19,0.62,4.4,2,2024-03,0,13.37,16.73,"MINDTECK,"
Tracxn Technologies Ltd.,TRACXN,IT - Software,969.15,1,2024-03,,969.15,2024-06,83.49,7.08,2024-06,136.83,,13.41,1,2023-03,0,266.94,25.52,"TRACXN,"
Creative Newtech Ltd.,CREATIVE,BPO/ITeS,963.89,2,2024-03,73.56,1020.26,2024-06,1545.79,51.46,2024-06,19.11,,3.94,2,2023-03,0.76,27.52,24.68,"CREATIVE,"
Nintec Systems Ltd.,NINSYS,IT - Software,940.6,1,2024-03,2.35,942.95,2024-03,64.74,14.07,2024-03,66.84,1.1,28.06,1,2023-03,0,33.37,44.42,"NINSYS,"
Onward Technologies Ltd.,ONWARDTEC,IT - Software,924.58,2,2024-03,0,893.11,2024-06,470.36,30.12,2024-06,30.69,1.12,4.46,2,2024-03,0,18.34,24.38,"ONWARDTEC,"
Digispice Technologies Ltd.,DIGISPICE,IT - Software,888.75,2,2024-03,25.76,539.44,2024-03,439.43,49.9,2024-03,76.12,8.64,3.44,2,2023-03,0.38,-9.34,-5.7,"DIGISPICE,"
All E Technologies Ltd.,ALLETEC,IT - Software,857.65,2,2024-03,,857.65,2024-06,122.43,21.86,2024-06,39.31,0.68,6.86,2,2023-03,0,16.75,21.81,"ALLETEC,"
RS Software (India) Ltd.,RSSOFTWARE,IT - Software,816.5,2,2024-06,,793.65,2024-06,67.22,22.03,2024-06,38.52,1.78,15.34,2,2024-03,0,46.39,47.01,"RSSOFTWARE,"
Onmobile Global Ltd.,ONMOBILE,IT - Software,811.76,2,2024-03,13,761.09,2024-06,499.67,-9.84,2024-06,0,,1.28,2,2023-03,0.01,1.05,1.32,"ONMOBILE,"
Danlaw Technologies India Ltd.,532329,IT - Software,685.11,1,2024-03,22.64,707.75,2024-06,211.89,22.03,2024-06,31.1,0.69,11.17,1,2023-03,0.83,23.01,22.69,"532329,"
FCS Software Solutions Ltd.,FCSSOFT,IT - Software,627.41,2,2024-03,,607.55,2024-03,36.56,-10.66,2024-03,0,0,2.48,2,2023-03,0.11,0.88,2.11,"FCSSOFT,"
Inspirisys Solutions Ltd.,INSPIRISYS,IT - Software,610.1,2,2024-03,87.19,638.19,2024-06,508.51,15.3,2024-06,65.32,1.61,19.2,2,2024-03,2.98,147.8,29.42,"INSPIRISYS,"
IZMO Ltd.,IZMO,IT - Software,597.12,2,2024-03,4.41,601.53,2024-06,192.84,27.06,2024-06,22.06,1.09,1.95,2,2023-03,0.04,7.64,8.06,"IZMO,"
3I Infotech Ltd.,3IINFOLTD,IT - Software,566.14,2,2024-03,41.85,553.48,2024-03,813.88,-298.27,2024-03,0,,1.93,2,2023-03,0.06,0.21,1.9,"3IINFOLTD,"
Vinsys IT Services India Ltd.,VINSYS,IT - Software,544.55,1,2024-03,14.96,559.51,2024-03,45.99,9.84,2024-03,55.36,,7.36,2,2023-03,0.93,94.17,52.07,"VINSYS,"
CyberTech Systems And Software Ltd.,CYBERTECH,IT - Software,543.85,2,2024-03,3.35,474.06,2024-06,224.31,24.77,2024-06,21.95,0.47,2.41,2,2023-03,0.01,14.56,21.21,"CYBERTECH,"
XT Global Infotech Ltd.,531225,IT - Software,528.28,2,2024-03,39.7,564.58,2024-06,213.2,9.89,2024-03,45.25,,3.13,2,2023-03,0.23,8.7,11.53,"531225,"
Cressanda Railway Solutions Ltd.,512379,IT - Software,521.31,2,2023-09,,521.31,2024-03,204.67,13.79,2024-03,37.79,1.18,3.29,2,2023-03,0.01,10.02,11.69,"512379,"
Megasoft Ltd.,MEGASOFT,IT - Software,515.73,2,2024-03,144.69,641.92,2024-06,0,4.85,2024-06,0,0,3.36,2,2023-03,0.88,7.06,9.01,"MEGASOFT,"
Airan Ltd.,AIRAN,IT - Software,506.96,2,2024-03,0.76,499.72,2024-03,105.5,12.9,2024-03,40.4,2.63,4.02,2,2023-03,0.04,9.87,12.7,"AIRAN,"
Bartronics India Ltd.,ASMS,IT - Software,506.21,1,2024-03,,495.88,2024-03,48.84,1.38,2024-03,366.29,,18.89,2,2023-03,0,138.69,52.39,"ASMS,"
Iris Business Services Ltd.,540735,BPO/ITeS,499.41,2,2024-03,5.43,488.67,2024-06,109.32,10.74,2024-06,47.18,1.69,9.48,2,2024-03,0.14,24.78,27.25,"540735,"
Trust Fintech Ltd.,TRUST,IT - Software,477.46,1,2024-03,0.17,477.63,2024-03,35.04,12.5,2024-03,38.2,,4.8,1,2023-03,0,23.42,30.85,"TRUST,"
MOS Utility Ltd.,MOS,Fintech,472.65,1,2024-03,1.4,474.05,2024-03,174.56,10.48,2024-03,45.09,,6.26,1,2023-03,0.3,31.97,31.09,"MOS,"
SoftTech Engineers Ltd.,SOFTTECH,IT - Software,447.07,2,2024-03,31.37,477.03,2024-03,78.78,3.32,2024-03,124.95,,3.55,2,2023-03,0.41,3.97,8.06,"SOFTTECH,"
AION-Tech Solutions Ltd.,GOLDTECH,IT - Software,430.55,2,2024-03,9.55,419.69,2024-03,93.28,-2.18,2024-03,0,,6.42,2,2023-03,0.09,0.67,2.97,"GOLDTECH,"
Softsol India Ltd.,532344,IT - Software,420.99,2,2024-03,0,416.69,2024-03,74.68,10.89,2024-03,38.66,2.74,2.4,2,2024-03,0,6.76,10.04,"532344,"
Sigma Solve Ltd.,SIGMA,BPO/ITeS,392.14,2,2024-03,4.84,389.69,2024-03,65.05,19.32,2024-03,24.3,,12.98,2,2024-03,0.16,58.09,67.85,"SIGMA,"
Trigyn Technologies Ltd.,TRIGYN,IT - Software,381.44,2,2024-03,0.26,381.69,2024-03,1279.66,19.92,2024-03,19.11,,0.54,2,2023-03,0,5.38,9.34,"TRIGYN,"
Systango Technologies Ltd.,SYSTANGO,IT - Software,359.68,1,2024-03,0,359.68,2024-03,52.68,16.24,2024-03,22.15,,5.87,2,2023-03,0.01,35.39,41.85,"SYSTANGO,"
RNFI Services Ltd.,RNFI,Fintech,350.71,1,2024-03,30.27,315.91,,,,-0,,,14.06,2,2024-03,0.95,38.13,33.42,"RNFI,"
Intense Technologies Ltd.,INTENTECH,IT - Software,341.1,2,2024-03,0.16,341.26,2024-06,130.24,17.96,2024-06,18.99,0.19,2.54,2,2023-03,0,13.43,16.18,"INTENTECH,"
Virinchi People’s Hospital Ltd.,VIRINCHI,IT - Software,339.6,2,2024-03,199.58,539.17,2024-06,295.24,10.12,2024-06,32.82,,0.72,2,2023-03,0.5,3.39,9.57,"VIRINCHI,"
DRC Systems India Ltd.,543268,IT - Software,319.38,2,2024-03,,319.38,2024-06,55.93,14.32,2024-06,22.2,,6.18,2,2023-03,0,33.33,31.29,"543268,"
ABM Knowledgeware Ltd.,531161,IT - Software,316.93,2,2024-03,0,299.98,2024-03,91.15,15.94,2024-03,21.89,,1.43,2,2024-03,0,7.08,9.27,"531161,"
Take Solutions Ltd.,TAKE,IT - Software,283.59,2,2024-03,27.96,310.6,2024-03,65.61,-119.62,2024-03,0,,-32.59,2,2024-03,-3.15,-243.78,-140.37,"TAKE,"
Trejhara Solutions Ltd.,TREJHARA,IT - Software,275.81,2,2024-03,0.85,274.59,2024-06,24.86,14.04,2024-06,16.52,,1.24,2,2023-03,0.09,-88.81,-83.43,"TREJHARA,"
Rox Hi-Tech Ltd.,ROXHITECH,IT - Networking,272.89,1,2024-03,21.41,294.3,2024-03,176.06,21.24,2024-03,12.85,,2.78,1,2023-03,0.94,92.99,63.8,"ROXHITECH,"
Dev Information Technology Ltd.,DEVIT,IT - Software,270.8,2,2024-03,12.83,277.56,2024-06,138.58,11.36,2024-06,24.6,1.32,4.58,2,2023-03,0.17,24.34,27.77,"DEVIT,"
Smartlink Holdings Ltd.,532419,IT - Networking,269.77,2,2024-03,31.63,292.16,2024-06,213.53,7.85,2024-06,34.37,1,1.42,2,2024-03,0.17,3.78,5.06,"532419,"
Canarys Automations Ltd.,CANARYS,IT - Software,266.31,1,2024-03,3.77,270.08,2024-03,74.49,8.77,2024-03,30.37,,3.74,2,2023-03,0.56,53.59,40.83,"CANARYS,"
Nettlinx Ltd.,511658,IT - Software,241.36,2,2024-03,14.44,253.84,2024-06,32.9,7.45,2024-06,32.39,2.19,4.68,2,2023-03,0.27,-0.58,2.68,"511658,"
Compucom Software Ltd.,COMPUSOFT,IT - Education,237.53,2,2024-03,38.64,222.19,2024-06,68,4.21,2024-06,61.65,7.64,1.68,2,2024-03,0.27,3.97,6.07,"COMPUSOFT,"
Ace Software Exports Ltd.,531525,IT - Software,234.69,2,2024-03,1.9,236.59,2024-06,27.13,6.72,2024-06,39.57,,7.23,2,2023-03,0,0.58,0.94,"531525,"
GSS Infotech Ltd.,GSS,IT - Software,232.77,2,2024-03,1.37,224.17,2024-03,101.21,7.32,2024-03,31.23,2.45,0.67,2,2023-03,0.06,8.06,8.27,"GSS,"
Delaplex Ltd.,DELAPLEX,IT - Software,214.04,1,2024-03,,214.04,2024-03,55.35,10.08,2024-03,21.24,,2.81,1,2023-03,0,40.45,54.3,"DELAPLEX,"
Cambridge Technology Enterprises Ltd.,CTE,IT - Software,211.72,2,2024-03,116.44,273.19,2024-03,206.23,5.58,2024-03,37.95,,1.88,2,2023-03,0.58,8.91,9.47,"CTE,"
GVP Infotech Ltd.,GVPTECH,IT - Software,208.3,1,2024-03,0.03,206.95,2024-03,33.25,2.91,2024-03,73.4,,1.23,1,2023-03,0,2.73,2.77,"GVPTECH,"
Intrasoft Technologies Ltd.,ISFT,BPO/ITeS,201.61,2,2024-03,139.4,338.04,2024-03,485.47,9.8,2024-03,20.57,,0.95,2,2023-03,0.83,4.87,6.33,"ISFT,"
Enser Communications Ltd.,ENSER,BPO/ITeS,201.34,1,2024-03,6.76,208.1,2024-03,46.08,5.27,2024-03,38.2,,7.47,1,2023-03,1.6,50.85,35.65,"ENSER,"
Odyssey Technologies Ltd.,530175,IT - Software,195.56,1,2024-03,0,165.94,2024-06,28.04,5.36,2024-06,36.47,0.77,3.71,1,2024-03,0,9.01,12.04,"530175,"
CG-VAK Software & Exports Ltd.,531489,IT - Software,183.55,2,2024-03,,168.09,2024-06,76.05,7.82,2024-06,23.47,0.44,2.86,2,2023-03,0,25.24,34.42,"531489,"
Avance Technologies Ltd.,512149,IT - Software,178.37,2,2024-03,,163.58,2024-03,144.29,4.88,2024-03,36.54,0.33,0.47,1,2023-03,0,0.11,0.14,"512149,"
Enfuse Solutions Ltd.,ENFUSE,e-Commerce,166.16,1,2024-03,8.99,175.15,2024-03,39.85,5.36,2024-03,31.01,,4.69,1,2023-03,0.37,58.42,56.73,"ENFUSE,"
MPS Infotecnics Ltd.,VISESHINFO,IT - Software,166.08,2,2024-03,30.94,162.05,2024-06,0.55,-3.54,2024-06,0,,0.39,1,2022-03,0.05,-0.95,-0.94,"VISESHINFO,"
Atishay Ltd.,538713,IT - Software,164.61,1,2024-03,1.19,162.54,2024-06,46.61,6.52,2024-06,25.25,4.39,3.79,1,2024-03,0.03,14.06,19.38,"538713,"
Xelpmoc Design And Tech Ltd.,XELPMOC,IT - Software,162.08,2,2024-03,,162.08,2024-06,4.89,-13.95,2024-06,0,,2.78,2,2023-03,0,-22.5,-19.7,"XELPMOC,"
Fidel Softech Ltd.,FIDEL,IT - Software,154.01,1,2024-03,0,150.48,2024-06,43.34,6.61,2024-06,23.31,,3.89,1,2024-03,0,17.34,23.19,"FIDEL,"
Athena Global Technologies Ltd.,517429,IT - Software,153.07,2,2024-03,74.82,227.89,2024-06,14.57,206.54,2024-06,0.74,,0.77,2,2023-03,-7.23,0,-26.66,"517429,"
Vedavaag Systems Ltd.,533056,IT - Software,151.47,2,2024-03,1.59,149.22,2024-03,86.7,7.89,2024-03,19.2,,1.13,2,2023-03,0.03,6.44,7.73,"533056,"
AAA Technologies Ltd.,AAATECH,BPO/ITeS,151.29,1,2024-03,0,130.78,2024-06,23.98,3.4,2024-06,44.43,4.79,5.26,1,2024-03,0,12.04,16.16,"AAATECH,"
7Seas Entertainment Ltd.,540874,IT - Software,151.17,1,2024-03,0.36,151.53,2024-06,12.67,0.98,2024-06,154.25,7.01,9.08,1,2023-03,-4.46,0,17.28,"540874,"
Diensten Tech Ltd.,DTL,IT - Software,148.69,1,2023-03,2.8,150.87,,,,2023-03,925.85,45.54,5.65,1,2023-03,0.66,5.68,9.52,"DTL,"
WEP Solutions Ltd.,532373,IT - Software,147.98,1,2024-03,11.77,141.17,2024-06,67.81,4.12,2024-06,35.88,1.08,2.41,1,2023-03,0.06,10.72,9.45,"532373,"
Elnet Technologies Ltd.,517477,IT - Software,147.9,1,2024-03,4.26,40.66,2024-06,25.32,17.62,2024-06,8.4,0.97,1.03,1,2023-03,0.03,11.79,16.04,"517477,"
SA Tech Software India Ltd.,SATECH,IT - Software,146.57,1,2024-03,12.88,158.84,,,,2024-03,39.74,,4.23,1,2024-03,1.1,38.05,34.36,"SATECH,"
Cadsys India Ltd.,CADSYS,BPO/ITeS,133.54,1,2024-03,9.74,143.28,2024-03,27.2,2.24,2024-03,59.64,,3.15,2,2023-03,1.81,16.26,10.83,"CADSYS,"
BLS Infotech Ltd.,531175,IT - Software,128.68,1,2024-03,,128.65,2024-03,0.09,0,2024-03,0,0,3.16,1,2023-03,0,0.01,0.01,"531175,"
Securekloud Technologies Ltd.,SECURKLOUD,IT - Software,126.59,2,2024-03,117.82,244.41,2024-03,340.32,-95.82,2024-03,0,,-1.71,2,2023-03,4.9,-299.33,-60.82,"SECURKLOUD,"
Suvidhaa Infoserve Ltd.,SUVIDHAA,Fintech,120.64,2,2024-03,,120.64,2024-03,7.61,-16.13,2024-03,0,,2.21,2,2023-03,0.09,-2.46,-1.78,"SUVIDHAA,"
Sattrix Information Security Ltd.,544189,IT - Software,119.61,1,2023-03,1.95,120.02,,,,2023-03,32.13,,3.3,2,2023-03,0.16,40.61,49.11,"544189,"
Asit C Mehta Financial Services Ltd.,530723,IT - Software,117.84,2,2024-03,92.52,167.05,2024-03,42.4,-11.11,2024-03,0,,4.04,2,2023-03,-33.86,-767.76,-0.15,"530723,"
Palred Technologies Ltd.,532521,IT - Software,116.76,2,2024-03,63.4,127.67,2024-06,102.26,-5.93,2024-06,0,0,2.15,2,2023-03,0.92,-0.94,4.71,"532521,"
Ahasolar Technologies Ltd.,543941,IT - Software,115.88,1,2024-03,,115.88,2024-03,42.04,0.04,2024-03,0,,7.37,1,2023-03,0,72.92,63.94,"543941,"
Quicktouch Technologies Ltd.,QUICKTOUCH,IT - Software,112.88,1,2024-03,22.89,135.77,2024-03,122.02,6.76,2024-03,16.69,0.14,2.72,1,2023-03,0.16,74.53,86.83,"QUICKTOUCH,"
Cranes Software International Ltd.,512093,IT - Software,111.08,2,2024-03,472.27,582.76,2024-03,7.12,-18.2,2024-03,0,,-0.12,2,2023-03,-0.86,0,0,"512093,"
AMPVOLTS Ltd.,535719,IT - Software,107.02,1,2024-03,0.06,107.07,2024-03,1.02,-2.11,2024-03,0,,3.76,1,2023-03,1.28,-10.16,-5.91,"535719,"
Secmark Consultancy Ltd.,SECMARK,BPO/ITeS,104.84,2,2024-03,11.06,105.09,2024-03,24.59,-2.36,2024-03,0,,6.55,2,2023-03,0.56,-25.19,-24.9,"SECMARK,"
Macobs Technologies Ltd.,MACOBSTECH,e-Commerce,103.58,1,2024-03,2.5,101.95,,,,2024-03,46.81,,3.54,1,2024-03,0.25,36.06,42.78,"MACOBSTECH,"
Reliable Data Services Ltd.,544207,IT - Software,101.69,2,2024-03,38.12,139.81,2024-06,86.88,5.58,2024-06,21.06,8.26,2.07,2,2023-03,0.65,11.58,13.3,"544207,"
Tera Software Ltd.,533982,IT - Software,101.26,1,2024-03,33.46,134.72,2024-06,89.89,5.39,2024-06,18.77,1.1,0.88,1,2023-03,0.22,3.22,10.08,"533982,"
Yaari Digital Integrated Services Ltd.,YAARI,e-Commerce,99.44,2,2024-03,243.57,343.01,2024-06,-0.22,-21.39,2024-06,0,0,-0.4,2,2023-03,-0.96,0,174.61,"YAARI,"
Adroit Infotech Ltd.,ADROITINFO,IT - Software,97.3,2,2024-03,3.01,98.65,2024-06,25.49,3.16,2024-06,30.78,,1.47,2,2023-03,0.23,35.46,23.35,"ADROITINFO,"
Popees Cares Ltd.,530565,IT - Software,95.94,1,2024-06,,95.94,2024-06,0,-2.45,2024-06,0,,-374.67,1,2023-03,0,-5.31,-5.31,"530565,"
Jeevan Scientific Technology Ltd.,538837,IT - Software,91.88,2,2024-03,10.78,102.11,2024-06,42.14,-0.8,2024-06,0,,2.07,2,2024-03,0.25,-3.01,-1.03,"538837,"
Ram Info Ltd.,530951,IT - Software,90.62,2,2024-03,10.87,53.79,2024-03,82.08,6.33,2024-03,14.21,0.39,1.84,2,2023-03,0.13,20.89,27.85,"530951,"
HOV Services Ltd.,HOVS,BPO/ITeS,90.42,2,2024-03,0.35,79.75,2024-06,18.12,2.94,2024-06,30.7,0.42,3.83,2,2024-03,0.02,11.66,16.41,"HOVS,"
Riddhi Corporate Services Ltd.,540590,BPO/ITeS,90.07,1,2024-03,12.27,102.34,2024-03,173.87,5.15,2024-03,17.5,0.32,1.61,1,2023-03,0.17,20.33,40.31,"540590,"
LCC Infotech Ltd.,532019,IT - Education,89.37,2,2024-03,2.93,92.31,2024-06,1.7,-55.95,2024-06,0,,-171.78,2,2023-03,0.06,-1.15,-1.03,"532019,"
Radiowalla Network Ltd.,RADIOWALLA,e-Commerce,85.57,1,2024-03,0.73,86.3,2024-03,15.27,1.59,2024-03,53.85,,3.56,2,2023-03,0.24,55.02,47.85,"RADIOWALLA,"
BITS Ltd.,526709,IT - Education,85.14,2,2024-03,,85.14,2024-06,0.93,0.13,2024-06,35.21,,4.8,2,2023-03,0,-0.35,-0.28,"526709,"
Vertexplus Technologies Ltd.,VERTEXPLUS,IT - Software,78.36,1,2024-03,2.86,81.21,2024-03,18.22,0.72,2024-03,109.59,,3.31,2,2023-03,0.3,12.76,14.47,"VERTEXPLUS,"
Ekansh Concepts Ltd.,531364,IT - Software,74.16,2,2024-03,54.08,128.24,2024-03,43.4,-3.32,2024-03,0,0,1.61,2,2023-03,1.22,22.13,21.96,"531364,"
We Win Ltd.,WEWIN,BPO/ITeS,74.06,2,2024-03,12.38,74.69,2024-06,69.88,2.46,2024-06,30.32,,2.73,2,2024-03,0.47,9.84,12.58,"WEWIN,"
Globesecure Technologies Ltd.,GSTL,IT - Software,73,1,2024-03,8.83,81.83,2024-03,23.88,1.01,2024-03,72.14,,1.54,1,2023-03,0.36,11.05,12.84,"GSTL,"
Olatech Solutions Ltd.,543578,IT - Software,72.45,1,2024-03,0.46,72.9,2024-03,15.16,3.02,2024-03,24.01,,9.81,1,2023-03,0.08,39.46,53.03,"543578,"
Akiko Global Services Ltd.,AKIKO,BPO/ITeS,70.81,1,2023-03,0.96,70.76,,,,2023-03,15.62,,1.72,1,2023-03,0.17,129.22,149.2,"AKIKO,"
Tridhya Tech Ltd.,TRIDHYA,IT - Software,69.51,1,2024-03,25.07,94.58,2024-03,34.24,-0.36,2024-03,0,,1.5,2,2023-03,1.81,18.04,16.55,"TRIDHYA,"
Acceleratebs India Ltd.,543938,IT - Software,68.76,1,2024-03,0.54,67.08,2024-03,6.79,0.03,2024-03,0,,17.6,1,2024-03,0.14,1,24.96,"543938,"
G-Tec Jainx Education Ltd.,GTECJAINX,IT - Education,66.59,2,2024-03,0.5,66.7,2024-06,8.21,-0.19,2024-06,0,,13.55,2,2024-03,0.11,-2.37,2.69,"GTECJAINX,"
Micropro Software Solutions Ltd.,MICROPRO,IT - Software,63.99,1,2024-03,3.92,67.91,2024-03,21.48,3.11,2024-03,20.58,0.45,1.08,1,2023-03,0.24,43.8,46.16,"MICROPRO,"
Naapbooks Ltd.,543351,IT - Software,63.14,1,2024-03,1.81,64.95,2024-03,7.77,1.66,2024-03,38.1,,3.82,1,2023-03,0.11,9.06,12.54,"543351,"
Saven Technologies Ltd.,532404,IT - Software,61.92,1,2024-03,,53.94,2024-06,13.04,2.62,2024-06,23.64,1.22,3.24,1,2023-03,0,22.04,29.64,"532404,"
Sylph Technologies Ltd.,511447,IT - Software,61.69,1,2024-03,2.53,64.22,2024-03,15.75,-2.51,2024-03,0,0,0.82,1,2023-03,0.05,5.57,5.39,"511447,"
Response Informatics Ltd.,538273,IT - Software,60.96,2,2024-03,1.95,62.91,2024-03,33.99,2.2,2024-03,27.77,,4.61,2,2023-03,0.29,11.4,11.53,"538273,"
Lee & Nee Softwares (Exports) Ltd.,517415,IT - Software,59.85,2,2024-03,0.09,57.64,2024-03,8.53,0.5,2024-03,120.17,44.76,1.06,2,2023-03,0,0.37,0.55,"517415,"
Globalspace Technologies Ltd.,540654,IT - Software,59.29,2,2023-03,23.7,82.98,2022-09,13.99,-0.3,2022-09,0,,,1,2023-03,0.66,1.45,4.41,"540654,"
Rolta India Ltd.,ROLTA,IT - Software,58.89,1,2023-03,10695.66,10555.63,2023-03,2.28,-1082.38,2023-03,0,,-0.01,2,2023-03,-1.17,0,-11.57,"ROLTA,"
Yudiz Solutions Ltd.,YUDIZ,IT - Software,58.1,1,2024-03,0.85,20.54,2024-03,26.16,-2.87,2024-03,0,0,1.19,1,2023-03,0,31.3,43.56,"YUDIZ,"
Pace E-Commerce Ventures Ltd.,543637,e-Commerce,55.95,1,2024-03,4.53,60.48,2024-03,42.81,2.39,2024-03,23.38,,0.79,1,2023-03,0.05,1.28,2.68,"543637,"
Orchasp Ltd.,532271,IT - Software,52.63,2,2024-03,,52.63,2024-03,13.46,0.87,2024-03,77.4,,0.45,2,2023-03,0.21,0.35,1.04,"532271,"
ERP Soft Systems Ltd.,530909,IT - Software,49.04,2,2024-03,1.88,50.93,2024-03,11.7,0.19,2024-03,281.87,,2.8,2,2023-03,0.11,1.84,2.27,"530909,"
Vama Industries Ltd.,512175,IT - Software,42.66,2,2024-03,0.66,42.86,2024-03,5.68,-3.77,2024-03,0,,2.54,2,2023-03,0.31,-4.34,3.87,"512175,"
Starcom Information Technology Ltd.,531616,IT - Software,42.39,1,2024-03,21.31,63.57,2024-03,1.8,-7.69,2024-03,0,,-2.26,1,2023-03,-1.82,0,-35.64,"531616,"
B2B Software Technologies Ltd.,531268,IT - Software,41.92,2,2024-03,,36.75,2024-06,21.06,2.85,2024-06,14.7,0.48,1.98,2,2023-03,0,14.03,15.8,"531268,"
HRH Next Services Ltd.,HRHNEXT,BPO/ITeS,41.88,1,2024-03,10.16,51.87,2024-03,45.37,1.84,2024-03,22.73,,2,1,2024-03,0.48,11.73,17.01,"HRHNEXT,"
Megri Soft Ltd.,539012,IT - Software,39.57,2,2024-03,,38.13,2024-06,3.99,0.7,2024-06,56.37,7.11,1.8,2,2023-03,0,2.47,3.38,"539012,"
Jupiter Infomedia Ltd.,534623,BPO/ITeS,39.41,2,2024-03,,39.41,2024-06,5.68,9.94,2024-06,6.35,0.09,1.5,2,2023-03,0,33.33,40.01,"534623,"
PS IT Infrastructure & Services Ltd.,505502,IT - Software,39.3,1,2024-03,0.3,37.1,2024-06,20.72,-20.71,2024-06,0,0,1.16,1,2023-03,0.01,0.01,0.01,"505502,"
Omega Interactive Technologies Ltd.,511644,IT - Software,38.39,1,2024-03,14.09,45.39,2024-03,0.09,-0.09,2024-03,0,0,1.46,1,2023-03,0,6.8,9.13,"511644,"
Infronics Systems Ltd.,537985,IT - Software,38.36,1,2024-03,1.02,39.38,2024-06,3.7,2.12,2024-06,18.13,1.12,17.27,1,2023-03,-10.07,0,100.83,"537985,"
Informed Technologies India Ltd.,504810,BPO/ITeS,38.33,2,2024-03,0.14,38.06,2024-03,2.4,2.66,2024-03,13.86,,1.98,2,2023-03,0.02,-2.81,-2.96,"504810,"
Jetking Infotrain Ltd.,517063,IT - Education,37.57,2,2024-03,,34,2024-06,19,4.08,2024-06,10.4,,0.88,2,2023-03,0,-0.38,0.09,"517063,"
Netlink Solutions (India) Ltd.,509040,IT - Software,36.96,1,2024-03,,30.98,2024-06,1.97,8.83,2024-06,4.19,0.03,1.38,1,2023-03,0,35.6,42.13,"509040,"
Accedere Ltd.,531533,IT - Software,36.84,2,2024-03,0.27,34.76,2024-06,3.16,-0.08,2024-06,0,,9.15,2,2024-03,0.07,-2.31,-1.56,"531533,"
Mindpool Technologies Ltd.,MINDPOOL,IT - Software,35.17,1,2024-03,,35.17,2024-03,34.98,0.18,2024-03,197.59,,2.76,2,2023-03,0.11,-0.82,2.51,"MINDPOOL,"
Kandarp Digi Smart BPO Ltd.,KANDARP,BPO/ITeS,34.99,1,2024-03,4.83,39.82,2024-03,16.51,1.01,2024-03,34.58,,2.07,1,2023-03,0.16,8.29,10.5,"KANDARP,"
USG Tech Solutions Ltd.,532402,IT - Software,34.21,2,2024-03,3.3,37.27,2024-03,0,-0.25,2024-03,0,,0.92,2,2023-03,0.12,-0.68,-0.08,"532402,"
Hiliks Technologies Ltd.,539697,IT - Software,33.98,1,2024-03,,33.78,2024-03,0.99,0.05,2024-03,641.09,,4.4,1,2023-03,0.01,1.45,2.64,"539697,"
ACE Integrated Solutions Ltd.,ACEINTEG,BPO/ITeS,33.28,1,2024-03,0.2,30.26,2024-03,9.14,0.42,2024-03,81.18,,1.76,1,2023-03,0.01,2.58,3.57,"ACEINTEG,"
COSYN Ltd.,538922,IT - Software,31.95,2,2024-03,0.08,29.5,2024-06,15.82,1.21,2024-06,26.27,,1.17,2,2023-03,0.02,0.91,3.04,"538922,"
Educomp Solutions Ltd.,EDUCOMP,IT - Education,30.86,1,2024-03,2656.66,2676.18,2024-03,4.14,-33.81,2024-03,0,0,-0.01,2,2023-03,-0.88,0,0,"EDUCOMP,"
Quadpro ITeS Ltd.,QUADPRO,BPO/ITeS,30.08,1,2024-03,,26.95,2024-03,9.03,0.81,2024-03,36.95,,1.57,1,2023-03,0,4.42,6.28,"QUADPRO,"
Net Avenue Technologies Ltd.,CBAZAAR,e-Commerce,30.04,1,2024-03,1.38,31.42,2024-03,26.19,-1.72,2024-03,0,,2.96,2,2023-03,5.74,0,81.41,"CBAZAAR,"
Mudunuru Ltd.,538743,IT - Software,29.58,1,2024-03,3.13,32.7,2024-03,2.9,-3.2,2024-03,0,,-36.06,1,2023-03,-3.83,0,-67.03,"538743,"
LEX Nimble Solutions Ltd.,541196,IT - Software,29.48,1,2024-03,0,21.11,2024-03,3.86,0.88,2024-03,33.64,1.3,1.92,1,2024-03,0,5.87,7.78,"541196,"
California Software Company Ltd.,CALSOFT,IT - Software,29.29,2,2024-03,8.31,37.56,2024-03,4.28,0.62,2024-03,46.94,,2.49,2,2023-03,0.55,1.75,1.61,"CALSOFT,"
PlatinumOne Business Services Ltd.,543352,BPO/ITeS,27.06,1,2024-03,,27.06,2024-03,26.5,1.47,2024-03,18.38,0.61,1.93,1,2023-03,0,17.58,24.18,"543352,"
SecUR Credentials Ltd.,SECURCRED,BPO/ITeS,26.32,1,2023-09,20.4,44.15,2023-12,38.25,4.81,2023-12,5.48,0.64,0.53,1,2023-03,0.41,17.59,21.44,"SECURCRED,"
Sancode Technologies Ltd.,543897,IT - Software,25.16,2,2024-03,1.38,26.54,2024-03,4.76,-1.75,2024-03,0,,4.33,2,2023-03,0.02,18.98,1.15,"543897,"
Niks Technology Ltd.,543282,IT - Software,25.12,1,2024-03,0.16,25.29,2024-03,6.11,0.44,2024-03,56.58,0.51,8.04,1,2023-03,0,23,31.76,"543282,"
Popular Estate Management Ltd.,531870,IT - Software,24.6,1,2023-09,7.83,32.43,2023-12,0,-0.71,2023-12,0,0,0.58,1,2023-03,0.17,-2.04,-1.71,"531870,"
Plada Infotech Services Ltd.,PLADAINFO,BPO/ITeS,24.39,1,2024-03,14.28,35.36,2024-03,63.18,2.52,2024-03,9.68,,2.84,2,2023-03,2.2,36.8,21.47,"PLADAINFO,"
Octaware Technologies Ltd.,540416,IT - Software,21.45,1,2024-03,0.21,21.67,2024-03,5.29,-0.7,2024-03,0,,2.13,2,2023-03,0.04,-8.73,-8.15,"540416,"
Computer Point Ltd.,507833,IT - Education,21.33,1,2024-03,,20.54,2024-03,0.02,0.01,2024-03,0,0,0.64,1,2023-03,0,0.02,0.03,"507833,"
Ajel Ltd.,530713,IT - Software,20.96,1,2023-09,3.1,23.96,2023-12,4.72,-1.59,2023-12,0,0,1.56,2,2023-03,0.41,5.65,4.17,"530713,"
Citizen Infoline Ltd.,538786,IT - Software,20.51,1,2024-03,,20.51,2024-03,3.92,0.01,2024-03,0,,4.46,1,2023-03,0,0.2,0.21,"538786,"
Groarc Industries India Ltd.,532315,IT - Software,20.43,1,2024-03,,20.43,2024-03,40.67,0.27,2024-03,76.79,8.95,0.52,1,2023-03,0,0.75,0.75,"532315,"
Usha Martin Education & Solutions Ltd.,532398,IT - Education,19.86,2,2024-03,1.7,21.56,2024-03,0.73,0.15,2024-03,131.55,6.9,1.39,2,2023-03,0.18,0.45,1.43,"532398,"
Euphoria Infotech (India) Ltd.,544094,IT - Software,19.08,1,2024-03,0.9,19.98,2024-03,6.01,0.93,2024-03,20.61,,,2,2023-03,0.38,37.56,42.83,"544094,"
Sofcom Systems Ltd.,538923,IT - Software,17.57,1,2024-03,0.03,17.59,2024-03,0.36,0.18,2024-03,99.81,1.62,3.6,1,2023-03,0,57.19,44.65,"538923,"
Patrona Risk Solutions Ltd.,540903,BPO/ITeS,17.47,1,2024-03,30.15,47.53,2024-03,13.05,0.04,2024-03,485.21,,0.29,1,2024-03,0.5,0.06,0.06,"540903,"
Continental Chemicals Ltd.,506935,IT - Software,17.35,1,2024-03,0.03,14.72,2024-06,0.26,0.52,2024-06,33.17,0.68,3.69,1,2023-03,0.04,6.33,7.53,"506935,"
United Interactive Ltd.,502893,BPO/ITeS,16.49,2,2024-03,,-2.92,2024-06,3.83,0.57,2024-06,79.64,,0.47,2,2023-03,0,-4.55,-2.28,"502893,"
Vivo Collaboration Solutions Ltd.,VIVO,IT - Software,15.72,1,2024-03,,15.72,2024-03,5.18,-0.67,2024-03,0,,1.1,1,2023-03,0,2.48,3.85,"VIVO,"
Parle Industries Ltd.,532911,IT - Software,15.34,1,2024-03,1.08,16.42,2024-06,0,0.24,2024-06,62.89,0.77,0.75,1,2023-03,0,0.19,1.17,"532911,"
Ekennis Software Service Ltd.,543475,IT - Software,14.01,1,2024-03,,14.01,2024-03,2.72,0.01,2024-03,0,,2.79,2,2023-03,0.03,15.51,22.28,"543475,"
Senthil Infotek Ltd.,531980,IT - Software,12.77,1,2024-03,,12.77,2024-03,0.11,0,2024-03,0,,2.67,1,2023-03,0,0.09,0.14,"531980,"
Southern Infosys Ltd.,540174,IT - Software,12.69,2,2024-03,,10.08,2024-06,17.14,0.25,2024-06,44.53,,2.22,2,2023-03,0,1.12,2.11,"540174,"
Artificial Electronics Intelligent Material Ltd.,526443,IT - Software,12.65,1,2024-03,0.57,13.22,2024-03,2.43,0.14,2024-03,73.14,,57.98,1,2023-03,3.05,-152.93,-84.19,"526443,"
Virgo Global Ltd.,532354,IT - Software,12.04,1,2024-03,2.49,14.53,2024-03,84.95,0.24,2024-03,50.58,0.53,14.94,1,2023-03,4.79,47.74,19.22,"532354,"
Triton Corp Ltd.,523387,BPO/ITeS,11.19,2,2024-03,1.47,12.66,2024-03,0,-0.44,2024-03,0,,50.45,2,2023-03,2.33,-25.61,-8.37,"523387,"
Mipco Seamless Rings (Gujarat) Ltd.,505797,IT - Software,11.06,1,2024-06,0.75,11.81,2024-06,0,-0.22,2024-06,0,0,-3.4,1,2023-03,-0.97,0,0,"505797,"
Jointeca Education Solutions Ltd.,534659,IT - Software,10.75,1,2023-09,1.08,11.83,2024-03,0.1,-1.02,2024-03,0,0,1.37,1,2023-03,0.13,-10.54,-10.15,"534659,"
VCU Data Management Ltd.,536672,IT - Software,10.37,1,2024-03,,10.37,2024-06,0,0.05,2024-06,230.43,7.46,0.35,1,2023-03,0,1.47,2.25,"536672,"
Kashyap Tele-Medicines Ltd.,531960,IT - Software,10.31,1,2024-03,0,10.22,2024-06,0.2,-0.03,2024-06,0,,16.04,1,2024-03,0,-4.58,-4.51,"531960,"
First Fintec Ltd.,532379,IT - Software,9.83,1,2024-03,0.21,10.04,2024-03,1.78,-0.19,2024-03,0,,0.92,1,2023-03,0.06,-14.16,-15.21,"532379,"
ObjectOne Information Systems Ltd.,535657,IT - Software,9.62,1,2024-03,0.35,7.99,2024-06,21.23,-1.03,2024-06,0,0,0.6,2,2023-03,0.05,12.02,14.92,"535657,"
Otco International Ltd.,523151,IT - Software,9.47,1,2024-03,6.41,15.88,2024-06,2.32,0.06,2024-03,147.92,,3.6,1,2023-03,1.71,3.31,1.86,"523151,"
Fone4 Communications (India) Ltd.,543521,e-Commerce,9.38,1,2024-03,2.59,11.97,2024-03,142.45,-6.5,2024-03,0,,0.69,1,2023-03,0.15,-16.97,-12.77,"543521,"
Aris International Ltd.,531677,IT - Software,9.06,1,2024-03,0.26,9.32,2024-03,0.35,0.13,2024-03,70.75,,15.54,1,2023-03,0.16,-308.19,-110.83,"531677,"
IEC Education Ltd.,531840,IT - Education,8.99,2,2024-03,1.68,10.67,2024-06,0,-0.74,2024-06,0,0,0.3,2,2023-03,0.05,-0.75,-0.7,"531840,"
Jonjua Overseas Ltd.,542446,IT - Software,8.32,1,2024-03,0.09,5.53,2024-03,3.95,1.21,2024-03,6.9,0.08,0.84,1,2023-03,0,10.1,11.33,"542446,"
Melstar Information Technologies Ltd.,MELSTAR,IT - Software,8.14,1,2020-09,2.97,11.11,2020-12,4.41,-2.44,2020-12,0,,,1,2020-03,-0.79,0,-316.65,"MELSTAR,"
Tranway Technologies Ltd.,542923,IT - Software,8.12,1,2024-03,5.15,13.26,2024-03,3.71,0.05,2024-03,169.14,,0.66,2,2023-03,0.25,2.01,3.19,"542923,"
Wherrelz IT Solutions Ltd.,543436,IT - Software,7.43,1,2024-03,38.48,45.9,2024-03,8.63,0.1,2024-03,75.77,,5.61,1,2023-03,0,-3.72,-3.94,"543436,"
Interactive Financial Services Ltd.,539692,IT - Software,7.37,1,2024-03,,5.86,2024-03,3.07,0.61,2024-03,12.08,0.62,0.59,1,2023-03,0,14.57,18.8,"539692,"
Integrated Hitech Ltd.,532303,IT - Software,6.82,2,2024-03,0.87,7.49,2024-06,0.02,-7.74,2024-06,0,,2.68,2,2023-03,0,-1.88,-1.88,"532303,"
Hypersoft Technologies Ltd.,539724,IT - Software,6.78,1,2024-06,,4.49,2024-06,0.72,-0.66,2024-06,0,,4.77,1,2023-03,0.06,-5.22,-3.2,"539724,"
TeleCanor Global Ltd.,530595,BPO/ITeS,6.7,1,2024-03,4.3,11,2024-03,0.26,0.01,2024-03,837.23,,-1.3,1,2023-03,0,0,0,"530595,"
Virtualsoft Systems Ltd.,531126,IT - Software,6.6,2,2024-03,47.51,53.53,2024-03,5.12,-2.41,2024-03,0,,-0.27,2,2023-03,-1.99,0,-19.12,"531126,"
Hit Kit Global Solutions Ltd.,532359,IT - Software,5.99,1,2024-03,0.14,6.12,2024-06,0.28,-2.52,2024-06,0,0,0.67,1,2023-03,0.01,0.04,0.06,"532359,"
Omni AxS Software Ltd.,532340,IT - Software,5.89,1,2024-03,,5.89,2024-03,0.06,-0.12,2024-03,0,,0.51,1,2023-03,0,-1.31,-1.31,"532340,"
Nihar Info Global Ltd.,531083,IT - Software,5.83,2,2024-03,1.8,7.63,2024-03,3.21,-3.76,2024-03,0,,,1,2023-03,0.11,0.72,2.14,"531083,"
I Power Solutions India Ltd.,512405,IT - Software,5.82,1,2024-03,0.25,6.07,2024-06,0,-0.12,2024-06,0,,1.43,1,2023-03,0.02,-5.35,-5.57,"512405,"
Space Incubatrics Technologies Ltd.,541890,IT - Software,5.75,2,2024-03,0.04,5.69,2024-06,0,0.01,2024-06,0,0,0.64,2,2023-03,0.01,-24.47,-24.19,"541890,"
Svam Softwares Ltd.,523722,IT - Software,5.57,1,2023-09,,5.57,2023-12,1.43,0.11,2023-12,49.76,,0.29,1,2023-03,0,-0.73,-0.51,"523722,"
Integra Telecommunication And Software Ltd.,536868,IT - Software,5.34,1,2023-03,0.61,5.95,2023-06,0.25,0.02,2023-06,281.23,5.77,0.5,1,2022-03,0.05,6.76,7.6,"536868,"
Quintegra Solutions Ltd.,532866,IT - Software,4.88,1,2024-03,13.21,18.09,2024-06,0,-0.08,2024-06,0,0,-0.38,1,2024-03,-1.02,0,-50.17,"532866,"
Mahaveer Infoway Ltd.,539383,IT - Software,4.85,2,2024-03,1.73,6.57,2024-03,5.41,-0.45,2024-03,0,0,1.25,2,2023-03,0.31,-6.91,-1.25,"539383,"
Bharatiya Global Infomedia Ltd.,BGLOBAL,IT - Software,4.8,2,2024-03,2.48,6.64,2024-06,0.03,-2.12,2024-06,0,,0.06,2,2023-03,0.05,-3.05,-2.77,"BGLOBAL,"
Capricorn Systems Global Solutions Ltd.,512169,IT - Software,4.27,1,2024-03,,4.05,2024-03,0.83,-0.15,2024-03,0,0,1.16,1,2023-03,0,1.43,1.96,"512169,"
T Spiritual World Ltd.,532444,IT - Software,4,1,2024-03,0,3.97,2024-06,0,-0.2,2024-06,0,0,2.78,1,2024-03,0,-11.87,-11.87,"532444,"
Adjia Technologies Ltd.,543269,IT - Software,3.97,1,2024-03,0.05,4.02,2024-03,0.33,0.07,2024-03,55.15,,1.8,1,2023-03,0.03,-4.09,-3.92,"543269,"
Netripples Software Ltd.,542117,IT - Software,3.76,1,2023-03,0,3.75,,,,2022-03,0,,0.38,1,2023-03,0,0.11,0.12,"542117,"
Pagaria Energy Ltd.,531396,IT - Software,3.55,1,2024-03,,3.55,2024-06,0,0.03,2024-03,69.68,14.66,0.57,1,2023-03,0.03,0.55,0.85,"531396,"
Twinstar Industries Ltd.,531917,IT - Software,3.15,1,2021-09,15.79,18.77,2021-12,0,-3.17,2021-12,0,,,1,2021-03,0.8,-15.73,-8.95,"531917,"
PFL Infotech Ltd.,531769,IT - Software,2.99,1,2024-03,0.05,3.04,2024-03,0,-5.7,2024-03,0,,6.99,1,2023-03,0.01,-0.69,-0.68,"531769,"
Sankhya Infotech Ltd.,532972,IT - Software,2.69,1,2022-03,30.06,32.75,2022-03,0,-13.9,2022-03,0,,0.34,1,2021-03,0.92,-20.56,-11.91,"532972,"
Fourth Generation Information Systems Ltd.,532403,IT - Software,1.92,1,2024-03,0.29,2.21,2024-03,0.06,-0.14,2024-03,0,,-3.55,1,2023-03,-0.95,0,0,"532403,"
Sindu Valley Technologies Ltd.,505504,IT - Software,1.32,1,2024-06,0.65,1.97,2024-06,0,-0.46,2023-03,0,,-3.6,1,2023-03,0,0,0,"505504,"
IDream Film Infrastructure Company Ltd.,504375,IT - Software,1.28,2,2024-03,3.89,5.17,2024-03,0.04,-0.15,2023-12,0,0,-0.3,2,2023-03,-0.9,0,0,"504375,"
Baron Infotech Ltd.,532336,IT - Software,0.94,1,2024-03,1.1,2.04,2024-03,0,-0.17,2024-03,0,,-2.43,1,2023-03,-5.08,-296.67,-126.88,"532336,"
Bodhtree Consulting Ltd.,539122,IT - Software,0.89,1,2024-03,,-6.58,2024-03,16.56,-2.46,2023-03,0,,0.37,2,2023-03,0.3,-48.5,-36.01,"539122,"
G-Tech Info Training Ltd.,532139,BPO/ITeS,0.59,1,2024-03,,0.59,2024-03,0,0.01,2024-03,45.23,2.13,5.06,1,2023-03,0,5.58,7.57,"532139,"
Covidh Technologies Ltd.,534920,IT - Software,0,1,2024-03,0.18,0.19,2024-06,0,-0.1,2023-12,0,,-0.39,1,2023-03,-1.07,0,-5149.45,"534920,"
